Subpopulation,XCOORD,YCOORD,Subpop_mortperc,ID,sex,Fitness_AA,Fitness_Aa,Fitness_aa,Fitness_AABB,Fitness_AaBB,Fitness_aaBB,Fitness_AABb,Fitness_AaBb,Fitness_aaBb,Fitness_AAbb,Fitness_Aabb,Fitness_aabb
1,-910643.6811,2403831.391,0,initial0,1,0,0,0,0,0,0,0,0,0,0,0,0
1,-877501.3807,2299015.31,0,initial1,0,0,0,0,0,0,0,0,0,0,0,0,0
1,-787453.374,2244813.354,0,initial2,1,0,0,0,0,0,0,0,0,0,0,0,0
1,-776938.417,2240030.005,0,initial3,0,0,0,0,0,0,0,0,0,0,0,0,0
1,-755394.4865,2244995.592,0,initial4,1,0,0,0,0,0,0,0,0,0,0,0,0
1,-757071.4633,2353892.914,0,initial5,0,0,0,0,0,0,0,0,0,0,0,0,0
1,-812142.7593,2416050.171,0,initial6,1,0,0,0,0,0,0,0,0,0,0,0,0
1,-840044.8081,2478213.532,0,initial7,0,0,0,0,0,0,0,0,0,0,0,0,0
1,-823775.1998,2471659.218,0,initial8,1,0,0,0,0,0,0,0,0,0,0,0,0
1,-792749.8718,2229685.654,0,initial9,0,0,0,0,0,0,0,0,0,0,0,0,0
1,-803063.6609,2448034.355,0,initial10,1,0,0,0,0,0,0,0,0,0,0,0,0
1,-806709.4399,2461657.274,0,initial11,0,0,0,0,0,0,0,0,0,0,0,0,0
1,-1052362.015,2335831.462,0,initial12,1,0,0,0,0,0,0,0,0,0,0,0,0
1,-869375.3883,2519487.983,0,initial13,0,0,0,0,0,0,0,0,0,0,0,0,0
1,-752731.0898,2373518.194,0,initial14,1,0,0,0,0,0,0,0,0,0,0,0,0
1,-709712.1437,2360010.296,0,initial15,0,0,0,0,0,0,0,0,0,0,0,0,0
1,-717812.1495,2251288.25,0,initial16,1,0,0,0,0,0,0,0,0,0,0,0,0
1,-817426.6786,2438878.447,0,initial17,0,0,0,0,0,0,0,0,0,0,0,0,0
1,-707161.478,2368156.308,0,initial18,1,0,0,0,0,0,0,0,0,0,0,0,0
1,-736522.9507,2301059.135,0,initial19,0,0,0,0,0,0,0,0,0,0,0,0,0
1,-852621.5736,2483546.345,0,initial20,1,0,0,0,0,0,0,0,0,0,0,0,0
1,-963393.7983,2433992.415,0,initial21,0,0,0,0,0,0,0,0,0,0,0,0,0
1,-720123.6646,2371854.465,0,initial22,1,0,0,0,0,0,0,0,0,0,0,0,0
1,-900340.8915,2470771.62,0,initial23,0,0,0,0,0,0,0,0,0,0,0,0,0
1,-766920.2978,2414486.138,0,initial24,1,0,0,0,0,0,0,0,0,0,0,0,0
1,-1036694.824,2321920.935,0,initial25,0,0,0,0,0,0,0,0,0,0,0,0,0
1,-736508.2376,2388463.216,0,initial26,1,0,0,0,0,0,0,0,0,0,0,0,0
1,-724863.2248,2229896.799,0,initial27,0,0,0,0,0,0,0,0,0,0,0,0,0
1,-878878.23,2497003.141,0,initial28,1,0,0,0,0,0,0,0,0,0,0,0,0
1,-796633.3529,2404014.746,0,initial29,0,0,0,0,0,0,0,0,0,0,0,0,0
1,-706033.7345,2299936.953,0,initial30,1,0,0,0,0,0,0,0,0,0,0,0,0
1,-747648.2294,2393186.235,0,initial31,0,0,0,0,0,0,0,0,0,0,0,0,0
1,-674962.8506,2342557.585,0,initial32,1,0,0,0,0,0,0,0,0,0,0,0,0
1,-1034744.602,2353747.398,0,initial33,0,0,0,0,0,0,0,0,0,0,0,0,0
1,-833737.8557,2466546.785,0,initial34,1,0,0,0,0,0,0,0,0,0,0,0,0
1,-815617.2213,2227618.245,0,initial35,0,0,0,0,0,0,0,0,0,0,0,0,0
1,-814682.8086,2404346.245,0,initial36,1,0,0,0,0,0,0,0,0,0,0,0,0
1,-666786.8492,2345864.671,0,initial37,0,0,0,0,0,0,0,0,0,0,0,0,0
1,-906415.5343,2509665.308,0,initial38,1,0,0,0,0,0,0,0,0,0,0,0,0
1,-685828.6716,2349321.477,0,initial39,0,0,0,0,0,0,0,0,0,0,0,0,0
1,-1038010.549,2300603.087,0,initial40,1,0,0,0,0,0,0,0,0,0,0,0,0
1,-750164.6376,2282944.665,0,initial41,0,0,0,0,0,0,0,0,0,0,0,0,0
1,-677485.1042,2358678.292,0,initial42,1,0,0,0,0,0,0,0,0,0,0,0,0
1,-936306.9501,2462683.645,0,initial43,0,0,0,0,0,0,0,0,0,0,0,0,0
1,-823724.3684,2403536.669,0,initial44,1,0,0,0,0,0,0,0,0,0,0,0,0
1,-858686.8434,2496797.185,0,initial45,0,0,0,0,0,0,0,0,0,0,0,0,0
1,-770029.2521,2375796.148,0,initial46,1,0,0,0,0,0,0,0,0,0,0,0,0
1,-721207.4971,2384943.968,0,initial47,0,0,0,0,0,0,0,0,0,0,0,0,0
1,-814910.4582,2467950.605,0,initial48,1,0,0,0,0,0,0,0,0,0,0,0,0
1,-805267.3632,2237328.495,0,initial49,0,0,0,0,0,0,0,0,0,0,0,0,0
1,-1050848.566,2327373.209,0,initial50,1,0,0,0,0,0,0,0,0,0,0,0,0
1,-716740.4195,2302164.556,0,initial51,0,0,0,0,0,0,0,0,0,0,0,0,0
1,-965618.9067,2329291.35,0,initial52,1,0,0,0,0,0,0,0,0,0,0,0,0
1,-831726.7909,2282023.912,0,initial53,0,0,0,0,0,0,0,0,0,0,0,0,0
1,-881400.9878,2359193.738,0,initial54,1,0,0,0,0,0,0,0,0,0,0,0,0
1,-949241.3417,2431037.599,0,initial55,0,0,0,0,0,0,0,0,0,0,0,0,0
1,-1025691.18,2289835.909,0,initial56,1,0,0,0,0,0,0,0,0,0,0,0,0
1,-933590.9769,2401097.204,0,initial57,0,0,0,0,0,0,0,0,0,0,0,0,0
1,-946407.3669,2292257.34,0,initial58,1,0,0,0,0,0,0,0,0,0,0,0,0
1,-954083.763,2334991.379,0,initial59,0,0,0,0,0,0,0,0,0,0,0,0,0
1,-735922.9213,2333638.085,0,initial60,1,0,0,0,0,0,0,0,0,0,0,0,0
1,-822108.8996,2298841.785,0,initial61,0,0,0,0,0,0,0,0,0,0,0,0,0
1,-839087.9574,2267191.52,0,initial62,1,0,0,0,0,0,0,0,0,0,0,0,0
1,-956430.1189,2290896.113,0,initial63,0,0,0,0,0,0,0,0,0,0,0,0,0
1,-762208.3011,2294658.234,0,initial64,1,0,0,0,0,0,0,0,0,0,0,0,0
1,-905410.4592,2282810.058,0,initial65,0,0,0,0,0,0,0,0,0,0,0,0,0
1,-935829.8991,2375431.873,0,initial66,1,0,0,0,0,0,0,0,0,0,0,0,0
1,-815647.7454,2393808.188,0,initial67,0,0,0,0,0,0,0,0,0,0,0,0,0
1,-852802.5235,2329507.049,0,initial68,1,0,0,0,0,0,0,0,0,0,0,0,0
1,-887980.4329,2239642.227,0,initial69,0,0,0,0,0,0,0,0,0,0,0,0,0
1,-981005.5586,2344622.744,0,initial70,1,0,0,0,0,0,0,0,0,0,0,0,0
1,-986059.9698,2232333.184,0,initial71,0,0,0,0,0,0,0,0,0,0,0,0,0
1,-759160.0301,2237523.09,0,initial72,1,0,0,0,0,0,0,0,0,0,0,0,0
1,-908520.0394,2399086.659,0,initial73,0,0,0,0,0,0,0,0,0,0,0,0,0
1,-747433.6098,2312512.815,0,initial74,1,0,0,0,0,0,0,0,0,0,0,0,0
1,-871946.2171,2430674.604,0,initial75,0,0,0,0,0,0,0,0,0,0,0,0,0
1,-890328.0015,2297192.854,0,initial76,1,0,0,0,0,0,0,0,0,0,0,0,0
1,-881472.4246,2428845.128,0,initial77,0,0,0,0,0,0,0,0,0,0,0,0,0
1,-950793.3668,2381375.245,0,initial78,1,0,0,0,0,0,0,0,0,0,0,0,0
1,-997148.5709,2358786.173,0,initial79,0,0,0,0,0,0,0,0,0,0,0,0,0
1,-914454.1628,2305435.514,0,initial80,1,0,0,0,0,0,0,0,0,0,0,0,0
1,-922679.0286,2457861.832,0,initial81,0,0,0,0,0,0,0,0,0,0,0,0,0
1,-937538.2763,2221659.189,0,initial82,1,0,0,0,0,0,0,0,0,0,0,0,0
1,-973011.3713,2304015.181,0,initial83,0,0,0,0,0,0,0,0,0,0,0,0,0
1,-896449.8529,2457502.756,0,initial84,1,0,0,0,0,0,0,0,0,0,0,0,0
1,-792236.3199,2244655.532,0,initial85,0,0,0,0,0,0,0,0,0,0,0,0,0
1,-846237.2592,2295227.015,0,initial86,1,0,0,0,0,0,0,0,0,0,0,0,0
1,-937341.602,2393918.881,0,initial87,0,0,0,0,0,0,0,0,0,0,0,0,0
1,-907975.3955,2249505.683,0,initial88,1,0,0,0,0,0,0,0,0,0,0,0,0
1,-890674.0081,2473863.267,0,initial89,0,0,0,0,0,0,0,0,0,0,0,0,0
1,-945590.7135,2253987.123,0,initial90,1,0,0,0,0,0,0,0,0,0,0,0,0
1,-837550.002,2362756.531,0,initial91,0,0,0,0,0,0,0,0,0,0,0,0,0
1,-807921.377,2245408.456,0,initial92,1,0,0,0,0,0,0,0,0,0,0,0,0
1,-865277.8979,2274476.725,0,initial93,0,0,0,0,0,0,0,0,0,0,0,0,0
1,-914672.4987,2397421.924,0,initial94,1,0,0,0,0,0,0,0,0,0,0,0,0
1,-699499.2688,2355409.576,0,initial95,0,0,0,0,0,0,0,0,0,0,0,0,0
1,-768366.8702,2298573.477,0,initial96,1,0,0,0,0,0,0,0,0,0,0,0,0
1,-936997.0984,2243975.408,0,initial97,0,0,0,0,0,0,0,0,0,0,0,0,0
1,-871053.0984,2443384.664,0,initial98,1,0,0,0,0,0,0,0,0,0,0,0,0
1,-896205.4845,2366803.229,0,initial99,0,0,0,0,0,0,0,0,0,0,0,0,0
1,-865452.5234,2243116.847,0,initial100,1,0,0,0,0,0,0,0,0,0,0,0,0
1,-829751.1428,2452502.026,0,initial101,0,0,0,0,0,0,0,0,0,0,0,0,0
1,-860881.533,2485722.061,0,initial102,1,0,0,0,0,0,0,0,0,0,0,0,0
1,-784154.046,2283253.824,0,initial103,0,0,0,0,0,0,0,0,0,0,0,0,0
1,-927444.1119,2467587.992,0,initial104,1,0,0,0,0,0,0,0,0,0,0,0,0
1,-822502.6195,2223776.657,0,initial105,0,0,0,0,0,0,0,0,0,0,0,0,0
1,-1003723.226,2245918.627,0,initial106,1,0,0,0,0,0,0,0,0,0,0,0,0
1,-1013164.359,2311817.927,0,initial107,0,0,0,0,0,0,0,0,0,0,0,0,0
1,-789929.6468,2325186.838,0,initial108,1,0,0,0,0,0,0,0,0,0,0,0,0
1,-1022778.925,2267266.572,0,initial109,0,0,0,0,0,0,0,0,0,0,0,0,0
1,-882473.7078,2248904.53,0,initial110,1,0,0,0,0,0,0,0,0,0,0,0,0
1,-777132.3497,2333035.433,0,initial111,0,0,0,0,0,0,0,0,0,0,0,0,0
1,-898380.8956,2349044.938,0,initial112,1,0,0,0,0,0,0,0,0,0,0,0,0
1,-863153.7135,2435067.346,0,initial113,0,0,0,0,0,0,0,0,0,0,0,0,0
1,-902533.6987,2298608.114,0,initial114,1,0,0,0,0,0,0,0,0,0,0,0,0
1,-710686.3134,2345297.067,0,initial115,0,0,0,0,0,0,0,0,0,0,0,0,0
1,-879912.681,2261783.924,0,initial116,1,0,0,0,0,0,0,0,0,0,0,0,0
1,-694435.3973,2305864.432,0,initial117,0,0,0,0,0,0,0,0,0,0,0,0,0
1,-867160.3255,2372057.647,0,initial118,1,0,0,0,0,0,0,0,0,0,0,0,0
1,-952828.8353,2322699.836,0,initial119,0,0,0,0,0,0,0,0,0,0,0,0,0
1,-930096.9274,2379369.665,0,initial120,1,0,0,0,0,0,0,0,0,0,0,0,0
1,-834798.5979,2333903.044,0,initial121,0,0,0,0,0,0,0,0,0,0,0,0,0
1,-884984.5134,2385169.533,0,initial122,1,0,0,0,0,0,0,0,0,0,0,0,0
1,-877304.2133,2323736.286,0,initial123,0,0,0,0,0,0,0,0,0,0,0,0,0
1,-855793.9149,2374716.374,0,initial124,1,0,0,0,0,0,0,0,0,0,0,0,0
1,-855560.3966,2401131.71,0,initial125,0,0,0,0,0,0,0,0,0,0,0,0,0
1,-811815.6233,2254362.177,0,initial126,1,0,0,0,0,0,0,0,0,0,0,0,0
1,-824528.9831,2317651.219,0,initial127,0,0,0,0,0,0,0,0,0,0,0,0,0
1,-784650.8172,2264450.315,0,initial128,1,0,0,0,0,0,0,0,0,0,0,0,0
1,-855653.3664,2412183.599,0,initial129,0,0,0,0,0,0,0,0,0,0,0,0,0
1,-894531.7075,2354678.036,0,initial130,1,0,0,0,0,0,0,0,0,0,0,0,0
1,-968323.3673,2273611.918,0,initial131,0,0,0,0,0,0,0,0,0,0,0,0,0
1,-1023612.638,2229753.595,0,initial132,1,0,0,0,0,0,0,0,0,0,0,0,0
1,-776472.2151,2361307.218,0,initial133,0,0,0,0,0,0,0,0,0,0,0,0,0
1,-641332.4814,2345899.288,0,initial134,1,0,0,0,0,0,0,0,0,0,0,0,0
1,-803330.4039,2321075.571,0,initial135,0,0,0,0,0,0,0,0,0,0,0,0,0
1,-1008040.567,2250473.257,0,initial136,1,0,0,0,0,0,0,0,0,0,0,0,0
1,-847379.9262,2436860.363,0,initial137,0,0,0,0,0,0,0,0,0,0,0,0,0
1,-908516.3772,2263631.077,0,initial138,1,0,0,0,0,0,0,0,0,0,0,0,0
1,-741657.8963,2355712.666,0,initial139,0,0,0,0,0,0,0,0,0,0,0,0,0
1,-908127.1308,2489668.345,0,initial140,1,0,0,0,0,0,0,0,0,0,0,0,0
1,-744536.1031,2325793.362,0,initial141,0,0,0,0,0,0,0,0,0,0,0,0,0
1,-756177.0196,2348948.602,0,initial142,1,0,0,0,0,0,0,0,0,0,0,0,0
1,-930943.4667,2433709.695,0,initial143,0,0,0,0,0,0,0,0,0,0,0,0,0
1,-1001890.477,2325113.894,0,initial144,1,0,0,0,0,0,0,0,0,0,0,0,0
1,-744061.7938,2343697.251,0,initial145,0,0,0,0,0,0,0,0,0,0,0,0,0
1,-780970.2736,2340165.251,0,initial146,1,0,0,0,0,0,0,0,0,0,0,0,0
1,-893997.8524,2263353.298,0,initial147,0,0,0,0,0,0,0,0,0,0,0,0,0
1,-635385.7529,2347482.222,0,initial148,1,0,0,0,0,0,0,0,0,0,0,0,0
1,-831441.2445,2417599.681,0,initial149,0,0,0,0,0,0,0,0,0,0,0,0,0
1,-1015159.189,2239105.725,0,initial150,1,0,0,0,0,0,0,0,0,0,0,0,0
1,-940975.1217,2399918.113,0,initial151,0,0,0,0,0,0,0,0,0,0,0,0,0
1,-893224.0444,2432634.414,0,initial152,1,0,0,0,0,0,0,0,0,0,0,0,0
1,-960050.6431,2410441.47,0,initial153,0,0,0,0,0,0,0,0,0,0,0,0,0
1,-725489.7612,2324530.19,0,initial154,1,0,0,0,0,0,0,0,0,0,0,0,0
1,-1017832.005,2250984.486,0,initial155,0,0,0,0,0,0,0,0,0,0,0,0,0
1,-919279.9726,2287318.528,0,initial156,1,0,0,0,0,0,0,0,0,0,0,0,0
1,-877093.6987,2386706.842,0,initial157,0,0,0,0,0,0,0,0,0,0,0,0,0
1,-707374.4533,2243844.608,0,initial158,1,0,0,0,0,0,0,0,0,0,0,0,0
1,-787476.0585,2290661.931,0,initial159,0,0,0,0,0,0,0,0,0,0,0,0,0
1,-959136.0746,2240414.253,0,initial160,1,0,0,0,0,0,0,0,0,0,0,0,0
1,-958236.7473,2314608.131,0,initial161,0,0,0,0,0,0,0,0,0,0,0,0,0
1,-903060.3408,2514101.744,0,initial162,1,0,0,0,0,0,0,0,0,0,0,0,0
1,-927072.1358,2428739.525,0,initial163,0,0,0,0,0,0,0,0,0,0,0,0,0
1,-822136.8353,2260006.655,0,initial164,1,0,0,0,0,0,0,0,0,0,0,0,0
1,-928268.095,2385173.175,0,initial165,0,0,0,0,0,0,0,0,0,0,0,0,0
1,-834060.8885,2261347.984,0,initial166,1,0,0,0,0,0,0,0,0,0,0,0,0
1,-997188.5425,2255302.164,0,initial167,0,0,0,0,0,0,0,0,0,0,0,0,0
1,-702179.8534,2331360.001,0,initial168,1,0,0,0,0,0,0,0,0,0,0,0,0
1,-813012.9141,2320356.709,0,initial169,0,0,0,0,0,0,0,0,0,0,0,0,0
1,-802957.2825,2251706.256,0,initial170,1,0,0,0,0,0,0,0,0,0,0,0,0
1,-858740.5621,2417828.788,0,initial171,0,0,0,0,0,0,0,0,0,0,0,0,0
1,-728872.617,2362486.772,0,initial172,1,0,0,0,0,0,0,0,0,0,0,0,0
1,-753733.066,2256000.711,0,initial173,0,0,0,0,0,0,0,0,0,0,0,0,0
1,-776239.3905,2246946.643,0,initial174,1,0,0,0,0,0,0,0,0,0,0,0,0
1,-714675.1435,2321919.993,0,initial175,0,0,0,0,0,0,0,0,0,0,0,0,0
1,-854609.4781,2465198.372,0,initial176,1,0,0,0,0,0,0,0,0,0,0,0,0
1,-692286.0863,2357043.063,0,initial177,0,0,0,0,0,0,0,0,0,0,0,0,0
1,-854780.7576,2344893.881,0,initial178,1,0,0,0,0,0,0,0,0,0,0,0,0
1,-901633.5722,2409201.264,0,initial179,0,0,0,0,0,0,0,0,0,0,0,0,0
1,-1033571.956,2310991.379,0,initial180,1,0,0,0,0,0,0,0,0,0,0,0,0
1,-821427.1637,2457415.919,0,initial181,0,0,0,0,0,0,0,0,0,0,0,0,0
1,-1021137.505,2343138.658,0,initial182,1,0,0,0,0,0,0,0,0,0,0,0,0
1,-908838.7137,2354338.002,0,initial183,0,0,0,0,0,0,0,0,0,0,0,0,0
1,-694107.4514,2313671.397,0,initial184,1,0,0,0,0,0,0,0,0,0,0,0,0
1,-978464.3434,2352057.756,0,initial185,0,0,0,0,0,0,0,0,0,0,0,0,0
1,-992807.5873,2227536.182,0,initial186,1,0,0,0,0,0,0,0,0,0,0,0,0
1,-679875.2353,2312897.244,0,initial187,0,0,0,0,0,0,0,0,0,0,0,0,0
1,-860558.8927,2348563.303,0,initial188,1,0,0,0,0,0,0,0,0,0,0,0,0
1,-853785.9903,2256011.15,0,initial189,0,0,0,0,0,0,0,0,0,0,0,0,0
1,-800177.9068,2238044.715,0,initial190,1,0,0,0,0,0,0,0,0,0,0,0,0
1,-919169.1716,2476124.706,0,initial191,0,0,0,0,0,0,0,0,0,0,0,0,0
1,-844529.5565,2341411.527,0,initial192,1,0,0,0,0,0,0,0,0,0,0,0,0
1,-890227.2978,2226931.785,0,initial193,0,0,0,0,0,0,0,0,0,0,0,0,0
1,-894167.668,2395581.675,0,initial194,1,0,0,0,0,0,0,0,0,0,0,0,0
1,-851414.6601,2316522.712,0,initial195,0,0,0,0,0,0,0,0,0,0,0,0,0
1,-740846.2686,2226994.213,0,initial196,1,0,0,0,0,0,0,0,0,0,0,0,0
1,-914489.9643,2376633.577,0,initial197,0,0,0,0,0,0,0,0,0,0,0,0,0
1,-792092.533,2340196.75,0,initial198,1,0,0,0,0,0,0,0,0,0,0,0,0
1,-883342.9356,2346393.224,0,initial199,0,0,0,0,0,0,0,0,0,0,0,0,0
1,-905752.0624,2232223.202,0,initial200,1,0,0,0,0,0,0,0,0,0,0,0,0
1,-1026011.03,2312019.863,0,initial201,0,0,0,0,0,0,0,0,0,0,0,0,0
1,-752345.4422,2339203.502,0,initial202,1,0,0,0,0,0,0,0,0,0,0,0,0
1,-976452.4075,2267510.263,0,initial203,0,0,0,0,0,0,0,0,0,0,0,0,0
1,-831106.2902,2234688,0,initial204,1,0,0,0,0,0,0,0,0,0,0,0,0
1,-726911.9635,2377214.414,0,initial205,0,0,0,0,0,0,0,0,0,0,0,0,0
1,-843519.2761,2350201.573,0,initial206,1,0,0,0,0,0,0,0,0,0,0,0,0
1,-863181.3113,2298432.736,0,initial207,0,0,0,0,0,0,0,0,0,0,0,0,0
1,-950902.835,2358531.92,0,initial208,1,0,0,0,0,0,0,0,0,0,0,0,0
1,-863532.2394,2290783.925,0,initial209,0,0,0,0,0,0,0,0,0,0,0,0,0
1,-948682.7187,2418547.633,0,initial210,1,0,0,0,0,0,0,0,0,0,0,0,0
1,-811724.4551,2353166.319,0,initial211,0,0,0,0,0,0,0,0,0,0,0,0,0
1,-967813.0624,2297968.665,0,initial212,1,0,0,0,0,0,0,0,0,0,0,0,0
1,-687852.9484,2322551.065,0,initial213,0,0,0,0,0,0,0,0,0,0,0,0,0
1,-806530.3852,2306927.022,0,initial214,1,0,0,0,0,0,0,0,0,0,0,0,0
1,-868585.2907,2336844.056,0,initial215,0,0,0,0,0,0,0,0,0,0,0,0,0
1,-810957.051,2344547.487,0,initial216,1,0,0,0,0,0,0,0,0,0,0,0,0
1,-759283.7351,2372116.224,0,initial217,0,0,0,0,0,0,0,0,0,0,0,0,0
1,-815838.7761,2376578.77,0,initial218,1,0,0,0,0,0,0,0,0,0,0,0,0
1,-961839.9885,2402733.163,0,initial219,0,0,0,0,0,0,0,0,0,0,0,0,0
1,-913876.8486,2413025.681,0,initial220,1,0,0,0,0,0,0,0,0,0,0,0,0
1,-854313.4887,2431924.272,0,initial221,0,0,0,0,0,0,0,0,0,0,0,0,0
1,-771253.8693,2322363.685,0,initial222,1,0,0,0,0,0,0,0,0,0,0,0,0
1,-815160.3651,2241650.55,0,initial223,0,0,0,0,0,0,0,0,0,0,0,0,0
1,-901492.5136,2369981.581,0,initial224,1,0,0,0,0,0,0,0,0,0,0,0,0
1,-802720.0839,2262881.577,0,initial225,0,0,0,0,0,0,0,0,0,0,0,0,0
1,-957741.0158,2361905.358,0,initial226,1,0,0,0,0,0,0,0,0,0,0,0,0
1,-965043.0384,2380260.919,0,initial227,0,0,0,0,0,0,0,0,0,0,0,0,0
1,-925607.3756,2371490.648,0,initial228,1,0,0,0,0,0,0,0,0,0,0,0,0
1,-854369.143,2481323.681,0,initial229,0,0,0,0,0,0,0,0,0,0,0,0,0
1,-735829.1636,2245121.88,0,initial230,1,0,0,0,0,0,0,0,0,0,0,0,0
1,-938761.392,2362672.175,0,initial231,0,0,0,0,0,0,0,0,0,0,0,0,0
1,-923384.0867,2269784.065,0,initial232,1,0,0,0,0,0,0,0,0,0,0,0,0
1,-819409.2065,2427369.459,0,initial233,0,0,0,0,0,0,0,0,0,0,0,0,0
1,-900615.0203,2239469.211,0,initial234,1,0,0,0,0,0,0,0,0,0,0,0,0
1,-989482.6762,2242347.025,0,initial235,0,0,0,0,0,0,0,0,0,0,0,0,0
1,-816239.8485,2367564.21,0,initial236,1,0,0,0,0,0,0,0,0,0,0,0,0
1,-835033.6138,2300801.473,0,initial237,0,0,0,0,0,0,0,0,0,0,0,0,0
1,-747755.8243,2379740.091,0,initial238,1,0,0,0,0,0,0,0,0,0,0,0,0
1,-721156.328,2243769.074,0,initial239,0,0,0,0,0,0,0,0,0,0,0,0,0
1,-872275.598,2272871.634,0,initial240,1,0,0,0,0,0,0,0,0,0,0,0,0
1,-958543.2251,2422173.591,0,initial241,0,0,0,0,0,0,0,0,0,0,0,0,0
1,-877251.5454,2232103.1,0,initial242,1,0,0,0,0,0,0,0,0,0,0,0,0
1,-947377.0309,2231094.452,0,initial243,0,0,0,0,0,0,0,0,0,0,0,0,0
1,-1023346.377,2277829.948,0,initial244,1,0,0,0,0,0,0,0,0,0,0,0,0
1,-982682.8063,2270248.25,0,initial245,0,0,0,0,0,0,0,0,0,0,0,0,0
1,-918379.9786,2241184.699,0,initial246,1,0,0,0,0,0,0,0,0,0,0,0,0
1,-966517.7913,2417757.322,0,initial247,0,0,0,0,0,0,0,0,0,0,0,0,0
1,-932514.574,2335472.626,0,initial248,1,0,0,0,0,0,0,0,0,0,0,0,0
1,-839521.3895,2404941.557,0,initial249,0,0,0,0,0,0,0,0,0,0,0,0,0
1,-910832.351,2347560.442,0,initial250,1,0,0,0,0,0,0,0,0,0,0,0,0
1,-889581.9462,2409566.465,0,initial251,0,0,0,0,0,0,0,0,0,0,0,0,0
1,-750691.6047,2292438.769,0,initial252,1,0,0,0,0,0,0,0,0,0,0,0,0
1,-918946.1269,2361472.318,0,initial253,0,0,0,0,0,0,0,0,0,0,0,0,0
1,-852245.6231,2335622.624,0,initial254,1,0,0,0,0,0,0,0,0,0,0,0,0
1,-953775.2551,2400368.403,0,initial255,0,0,0,0,0,0,0,0,0,0,0,0,0
1,-933364.7194,2228628.214,0,initial256,1,0,0,0,0,0,0,0,0,0,0,0,0
1,-642908.1922,2319008.936,0,initial257,0,0,0,0,0,0,0,0,0,0,0,0,0
1,-747419.8519,2365847.458,0,initial258,1,0,0,0,0,0,0,0,0,0,0,0,0
1,-826593.7023,2374105.231,0,initial259,0,0,0,0,0,0,0,0,0,0,0,0,0
1,-923639.3784,2282230.528,0,initial260,1,0,0,0,0,0,0,0,0,0,0,0,0
1,-873723.0629,2466598.086,0,initial261,0,0,0,0,0,0,0,0,0,0,0,0,0
1,-813517.4373,2282085.642,0,initial262,1,0,0,0,0,0,0,0,0,0,0,0,0
1,-703347.7828,2315330.804,0,initial263,0,0,0,0,0,0,0,0,0,0,0,0,0
1,-763617.2513,2258633.498,0,initial264,1,0,0,0,0,0,0,0,0,0,0,0,0
1,-862714.2022,2389085.442,0,initial265,0,0,0,0,0,0,0,0,0,0,0,0,0
1,-859922.8985,2248582.959,0,initial266,1,0,0,0,0,0,0,0,0,0,0,0,0
1,-944092.4588,2268967.14,0,initial267,0,0,0,0,0,0,0,0,0,0,0,0,0
1,-796145.921,2295405.913,0,initial268,1,0,0,0,0,0,0,0,0,0,0,0,0
1,-729316.6828,2243051.683,0,initial269,0,0,0,0,0,0,0,0,0,0,0,0,0
1,-900666.1243,2265578.481,0,initial270,1,0,0,0,0,0,0,0,0,0,0,0,0
1,-902625.2215,2427621.335,0,initial271,0,0,0,0,0,0,0,0,0,0,0,0,0
1,-831095.2287,2391341.214,0,initial272,1,0,0,0,0,0,0,0,0,0,0,0,0
1,-782679.2775,2396557.464,0,initial273,0,0,0,0,0,0,0,0,0,0,0,0,0
1,-847680.1983,2261861.691,0,initial274,1,0,0,0,0,0,0,0,0,0,0,0,0
1,-836448.1404,2325861.147,0,initial275,0,0,0,0,0,0,0,0,0,0,0,0,0
1,-923509.6313,2260208.917,0,initial276,1,0,0,0,0,0,0,0,0,0,0,0,0
1,-977092.67,2391289.11,0,initial277,0,0,0,0,0,0,0,0,0,0,0,0,0
1,-920805.7877,2431924.585,0,initial278,1,0,0,0,0,0,0,0,0,0,0,0,0
1,-822301.9736,2308137.167,0,initial279,0,0,0,0,0,0,0,0,0,0,0,0,0
1,-872722.7274,2413758.888,0,initial280,1,0,0,0,0,0,0,0,0,0,0,0,0
1,-887490.1401,2446382.493,0,initial281,0,0,0,0,0,0,0,0,0,0,0,0,0
1,-717013.0368,2356967.494,0,initial282,1,0,0,0,0,0,0,0,0,0,0,0,0
1,-702248.5954,2300224.17,0,initial283,0,0,0,0,0,0,0,0,0,0,0,0,0
1,-961198.6539,2249653.936,0,initial284,1,0,0,0,0,0,0,0,0,0,0,0,0
1,-920192.7231,2383381.196,0,initial285,0,0,0,0,0,0,0,0,0,0,0,0,0
1,-914055.8979,2499130.911,0,initial286,1,0,0,0,0,0,0,0,0,0,0,0,0
1,-675643.4437,2327787.896,0,initial287,0,0,0,0,0,0,0,0,0,0,0,0,0
1,-802279.5922,2342069.148,0,initial288,1,0,0,0,0,0,0,0,0,0,0,0,0
1,-886996.0053,2436822.62,0,initial289,0,0,0,0,0,0,0,0,0,0,0,0,0
1,-753662.0003,2325922.476,0,initial290,1,0,0,0,0,0,0,0,0,0,0,0,0
1,-980699.2879,2221771.188,0,initial291,0,0,0,0,0,0,0,0,0,0,0,0,0
1,-723953.119,2333043.667,0,initial292,1,0,0,0,0,0,0,0,0,0,0,0,0
1,-660199.1898,2325623.805,0,initial293,0,0,0,0,0,0,0,0,0,0,0,0,0
1,-863323.8707,2465967.096,0,initial294,1,0,0,0,0,0,0,0,0,0,0,0,0
1,-932571.3274,2408478.538,0,initial295,0,0,0,0,0,0,0,0,0,0,0,0,0
1,-1004810.745,2335744.272,0,initial296,1,0,0,0,0,0,0,0,0,0,0,0,0
1,-773192.751,2311191.222,0,initial297,0,0,0,0,0,0,0,0,0,0,0,0,0
1,-846195.6138,2451685.037,0,initial298,1,0,0,0,0,0,0,0,0,0,0,0,0
1,-983769.4057,2365817.875,0,initial299,0,0,0,0,0,0,0,0,0,0,0,0,0
1,-726552.2088,2255624.472,0,initial300,1,0,0,0,0,0,0,0,0,0,0,0,0
1,-973089.4885,2328430.466,0,initial301,0,0,0,0,0,0,0,0,0,0,0,0,0
1,-735177.1302,2383241.223,0,initial302,1,0,0,0,0,0,0,0,0,0,0,0,0
1,-968820.1598,2253452.5,0,initial303,0,0,0,0,0,0,0,0,0,0,0,0,0
1,-904962.6971,2349131.663,0,initial304,1,0,0,0,0,0,0,0,0,0,0,0,0
1,-874523.5663,2420315.907,0,initial305,0,0,0,0,0,0,0,0,0,0,0,0,0
1,-988794.9986,2248485.811,0,initial306,1,0,0,0,0,0,0,0,0,0,0,0,0
1,-926303.8535,2298694.452,0,initial307,0,0,0,0,0,0,0,0,0,0,0,0,0
1,-890156.8494,2462613.862,0,initial308,1,0,0,0,0,0,0,0,0,0,0,0,0
1,-772116.9643,2338231.913,0,initial309,0,0,0,0,0,0,0,0,0,0,0,0,0
1,-776000.5515,2279751.234,0,initial310,1,0,0,0,0,0,0,0,0,0,0,0,0
1,-904608.3803,2441999.305,0,initial311,0,0,0,0,0,0,0,0,0,0,0,0,0
1,-994028.383,2332497.911,0,initial312,1,0,0,0,0,0,0,0,0,0,0,0,0
1,-767743.7378,2217853.28,0,initial313,0,0,0,0,0,0,0,0,0,0,0,0,0
1,-851662.8482,2275172.502,0,initial314,1,0,0,0,0,0,0,0,0,0,0,0,0
1,-924704.4087,2347563.305,0,initial315,0,0,0,0,0,0,0,0,0,0,0,0,0
1,-666523.7018,2326143.751,0,initial316,1,0,0,0,0,0,0,0,0,0,0,0,0
1,-850352.1095,2287459.524,0,initial317,0,0,0,0,0,0,0,0,0,0,0,0,0
1,-691708.8916,2366224.801,0,initial318,1,0,0,0,0,0,0,0,0,0,0,0,0
1,-944162.9257,2247067.744,0,initial319,0,0,0,0,0,0,0,0,0,0,0,0,0
1,-859040.2264,2262632.613,0,initial320,1,0,0,0,0,0,0,0,0,0,0,0,0
1,-777548.6992,2319907.176,0,initial321,0,0,0,0,0,0,0,0,0,0,0,0,0
1,-900777.9606,2466952.99,0,initial322,1,0,0,0,0,0,0,0,0,0,0,0,0
1,-949856.4936,2306398.287,0,initial323,0,0,0,0,0,0,0,0,0,0,0,0,0
1,-868741.6645,2360059.18,0,initial324,1,0,0,0,0,0,0,0,0,0,0,0,0
1,-814013.3458,2309973.738,0,initial325,0,0,0,0,0,0,0,0,0,0,0,0,0
1,-645088.259,2326140.429,0,initial326,1,0,0,0,0,0,0,0,0,0,0,0,0
1,-833957.6587,2348201.471,0,initial327,0,0,0,0,0,0,0,0,0,0,0,0,0
1,-655443.1761,2340167.759,0,initial328,1,0,0,0,0,0,0,0,0,0,0,0,0
1,-865293.8498,2415322.836,0,initial329,0,0,0,0,0,0,0,0,0,0,0,0,0
1,-772093.2896,2403501.699,0,initial330,1,0,0,0,0,0,0,0,0,0,0,0,0
1,-1046163.11,2347112.03,0,initial331,0,0,0,0,0,0,0,0,0,0,0,0,0
1,-932398.1475,2238877.352,0,initial332,1,0,0,0,0,0,0,0,0,0,0,0,0
1,-703710.3714,2235708.056,0,initial333,0,0,0,0,0,0,0,0,0,0,0,0,0
1,-954820.4785,2414580.868,0,initial334,1,0,0,0,0,0,0,0,0,0,0,0,0
1,-970165.7774,2236807.448,0,initial335,0,0,0,0,0,0,0,0,0,0,0,0,0
1,-713120.1552,2236790.409,0,initial336,1,0,0,0,0,0,0,0,0,0,0,0,0
1,-693658.4664,2349561.673,0,initial337,0,0,0,0,0,0,0,0,0,0,0,0,0
1,-884985.2566,2417664.658,0,initial338,1,0,0,0,0,0,0,0,0,0,0,0,0
1,-911024.8884,2382958.639,0,initial339,0,0,0,0,0,0,0,0,0,0,0,0,0
1,-1017599.202,2272000.37,0,initial340,1,0,0,0,0,0,0,0,0,0,0,0,0
1,-998146.6451,2365214.413,0,initial341,0,0,0,0,0,0,0,0,0,0,0,0,0
1,-933893.5866,2366445.451,0,initial342,1,0,0,0,0,0,0,0,0,0,0,0,0
1,-794796.4213,2382916.165,0,initial343,0,0,0,0,0,0,0,0,0,0,0,0,0
1,-684639.3619,2328097.716,0,initial344,1,0,0,0,0,0,0,0,0,0,0,0,0
1,-775206.8651,2299728.65,0,initial345,0,0,0,0,0,0,0,0,0,0,0,0,0
1,-916082.9933,2388068.867,0,initial346,1,0,0,0,0,0,0,0,0,0,0,0,0
1,-851824.0766,2389793.746,0,initial347,0,0,0,0,0,0,0,0,0,0,0,0,0
1,-840191.3432,2280436.982,0,initial348,1,0,0,0,0,0,0,0,0,0,0,0,0
1,-868868.6365,2349592.488,0,initial349,0,0,0,0,0,0,0,0,0,0,0,0,0
1,-907473.2805,2319706.58,0,initial350,1,0,0,0,0,0,0,0,0,0,0,0,0
1,-803964.6012,2374467.436,0,initial351,0,0,0,0,0,0,0,0,0,0,0,0,0
1,-698230.2422,2362285.739,0,initial352,1,0,0,0,0,0,0,0,0,0,0,0,0
1,-862013.8967,2403772.209,0,initial353,0,0,0,0,0,0,0,0,0,0,0,0,0
1,-755816.8627,2309333.16,0,initial354,1,0,0,0,0,0,0,0,0,0,0,0,0
1,-941123.3449,2228374.296,0,initial355,0,0,0,0,0,0,0,0,0,0,0,0,0
1,-833667.755,2373434.729,0,initial356,1,0,0,0,0,0,0,0,0,0,0,0,0
1,-940587.3471,2311146.554,0,initial357,0,0,0,0,0,0,0,0,0,0,0,0,0
1,-698520.7695,2344546.255,0,initial358,1,0,0,0,0,0,0,0,0,0,0,0,0
1,-1005207.186,2303389.325,0,initial359,0,0,0,0,0,0,0,0,0,0,0,0,0
1,-784230.9324,2299139.465,0,initial360,1,0,0,0,0,0,0,0,0,0,0,0,0
1,-766105.5622,2266617.211,0,initial361,0,0,0,0,0,0,0,0,0,0,0,0,0
1,-638838.7895,2340202.725,0,initial362,1,0,0,0,0,0,0,0,0,0,0,0,0
1,-1031714.165,2327087.266,0,initial363,0,0,0,0,0,0,0,0,0,0,0,0,0
1,-875030.4756,2478084.901,0,initial364,1,0,0,0,0,0,0,0,0,0,0,0,0
1,-710643.9393,2309039.688,0,initial365,0,0,0,0,0,0,0,0,0,0,0,0,0
1,-876776.5984,2317649.44,0,initial366,1,0,0,0,0,0,0,0,0,0,0,0,0
1,-884281.0268,2318351.311,0,initial367,0,0,0,0,0,0,0,0,0,0,0,0,0
1,-953493.0166,2231295.424,0,initial368,1,0,0,0,0,0,0,0,0,0,0,0,0
1,-866138.5991,2228156.459,0,initial369,0,0,0,0,0,0,0,0,0,0,0,0,0
1,-836589.2327,2458999.838,0,initial370,1,0,0,0,0,0,0,0,0,0,0,0,0
1,-794899.7074,2286146.414,0,initial371,0,0,0,0,0,0,0,0,0,0,0,0,0
1,-734382.7564,2316403.457,0,initial372,1,0,0,0,0,0,0,0,0,0,0,0,0
1,-874936.399,2356729.505,0,initial373,0,0,0,0,0,0,0,0,0,0,0,0,0
1,-815395.9461,2387301.775,0,initial374,1,0,0,0,0,0,0,0,0,0,0,0,0
1,-918650.4077,2487739.251,0,initial375,0,0,0,0,0,0,0,0,0,0,0,0,0
1,-896905.9755,2293375.519,0,initial376,1,0,0,0,0,0,0,0,0,0,0,0,0
1,-1005339.674,2235648.465,0,initial377,0,0,0,0,0,0,0,0,0,0,0,0,0
1,-804271.2643,2298617.568,0,initial378,1,0,0,0,0,0,0,0,0,0,0,0,0
1,-917299.9528,2341034.105,0,initial379,0,0,0,0,0,0,0,0,0,0,0,0,0
1,-806004.0213,2332887.37,0,initial380,1,0,0,0,0,0,0,0,0,0,0,0,0
1,-737102.2329,2232152.693,0,initial381,0,0,0,0,0,0,0,0,0,0,0,0,0
1,-684620.7027,2337430.14,0,initial382,1,0,0,0,0,0,0,0,0,0,0,0,0
1,-766672.3104,2229474.214,0,initial383,0,0,0,0,0,0,0,0,0,0,0,0,0
1,-897511.3469,2422801.712,0,initial384,1,0,0,0,0,0,0,0,0,0,0,0,0
1,-991320.4694,2378969.951,0,initial385,0,0,0,0,0,0,0,0,0,0,0,0,0
1,-853214.1041,2302549.498,0,initial386,1,0,0,0,0,0,0,0,0,0,0,0,0
1,-790113.6828,2358373.746,0,initial387,0,0,0,0,0,0,0,0,0,0,0,0,0
1,-1010091.293,2294478.132,0,initial388,1,0,0,0,0,0,0,0,0,0,0,0,0
1,-935162.2111,2324298.602,0,initial389,0,0,0,0,0,0,0,0,0,0,0,0,0
1,-911112.7702,2326713.456,0,initial390,1,0,0,0,0,0,0,0,0,0,0,0,0
1,-909817.7028,2368422.908,0,initial391,0,0,0,0,0,0,0,0,0,0,0,0,0
1,-1003809.018,2216398.046,0,initial392,1,0,0,0,0,0,0,0,0,0,0,0,0
1,-965545.0457,2314182.837,0,initial393,0,0,0,0,0,0,0,0,0,0,0,0,0
1,-1007694.518,2261103.269,0,initial394,1,0,0,0,0,0,0,0,0,0,0,0,0
1,-790166.5935,2373803.145,0,initial395,0,0,0,0,0,0,0,0,0,0,0,0,0
1,-730739.156,2355804.042,0,initial396,1,0,0,0,0,0,0,0,0,0,0,0,0
1,-738293.2325,2323105.235,0,initial397,0,0,0,0,0,0,0,0,0,0,0,0,0
1,-855797.364,2227179.287,0,initial398,1,0,0,0,0,0,0,0,0,0,0,0,0
1,-664749.5497,2316079.52,0,initial399,0,0,0,0,0,0,0,0,0,0,0,0,0
1,-841580.5686,2314726.854,0,initial400,1,0,0,0,0,0,0,0,0,0,0,0,0
1,-876221.2866,2346383.727,0,initial401,0,0,0,0,0,0,0,0,0,0,0,0,0
1,-934367.1464,2462260.287,0,initial402,1,0,0,0,0,0,0,0,0,0,0,0,0
1,-983602.3654,2378536.354,0,initial403,0,0,0,0,0,0,0,0,0,0,0,0,0
1,-746437.1583,2303148.643,0,initial404,1,0,0,0,0,0,0,0,0,0,0,0,0
1,-926781.7843,2229155.132,0,initial405,0,0,0,0,0,0,0,0,0,0,0,0,0
1,-921827.0695,2438341.551,0,initial406,1,0,0,0,0,0,0,0,0,0,0,0,0
1,-994153.4076,2260721.487,0,initial407,0,0,0,0,0,0,0,0,0,0,0,0,0
1,-914680.09,2247874.893,0,initial408,1,0,0,0,0,0,0,0,0,0,0,0,0
1,-846034.1075,2387839.171,0,initial409,0,0,0,0,0,0,0,0,0,0,0,0,0
1,-774508.3452,2273081.391,0,initial410,1,0,0,0,0,0,0,0,0,0,0,0,0
1,-1015908.602,2204639.147,0,initial411,0,0,0,0,0,0,0,0,0,0,0,0,0
1,-864624.0812,2426726.354,0,initial412,1,0,0,0,0,0,0,0,0,0,0,0,0
1,-901949.3461,2496194.185,0,initial413,0,0,0,0,0,0,0,0,0,0,0,0,0
1,-882644.535,2274851.55,0,initial414,1,0,0,0,0,0,0,0,0,0,0,0,0
1,-960772.1281,2440449.14,0,initial415,0,0,0,0,0,0,0,0,0,0,0,0,0
1,-992510.2977,2276594.889,0,initial416,1,0,0,0,0,0,0,0,0,0,0,0,0
1,-904769.9557,2415674.51,0,initial417,0,0,0,0,0,0,0,0,0,0,0,0,0
1,-895484.4702,2450465.146,0,initial418,1,0,0,0,0,0,0,0,0,0,0,0,0
1,-859259.3177,2473271.186,0,initial419,0,0,0,0,0,0,0,0,0,0,0,0,0
1,-948093.1282,2390291.26,0,initial420,1,0,0,0,0,0,0,0,0,0,0,0,0
1,-986971.0987,2265552.727,0,initial421,0,0,0,0,0,0,0,0,0,0,0,0,0
1,-761372.3805,2244190.864,0,initial422,1,0,0,0,0,0,0,0,0,0,0,0,0
1,-829074.243,2438537.645,0,initial423,0,0,0,0,0,0,0,0,0,0,0,0,0
1,-784506.6515,2332915.285,0,initial424,1,0,0,0,0,0,0,0,0,0,0,0,0
1,-982664.694,2337544.998,0,initial425,0,0,0,0,0,0,0,0,0,0,0,0,0
1,-822170.0382,2232310.347,0,initial426,1,0,0,0,0,0,0,0,0,0,0,0,0
1,-864767.4235,2323829.664,0,initial427,0,0,0,0,0,0,0,0,0,0,0,0,0
1,-940499.4579,2429120.938,0,initial428,1,0,0,0,0,0,0,0,0,0,0,0,0
1,-877890.1417,2364341.261,0,initial429,0,0,0,0,0,0,0,0,0,0,0,0,0
1,-910043.1343,2341099.071,0,initial430,1,0,0,0,0,0,0,0,0,0,0,0,0
1,-923223.6497,2327181.085,0,initial431,0,0,0,0,0,0,0,0,0,0,0,0,0
1,-1035785.445,2340650.243,0,initial432,1,0,0,0,0,0,0,0,0,0,0,0,0
1,-983798.4401,2290094.99,0,initial433,0,0,0,0,0,0,0,0,0,0,0,0,0
1,-819990.2309,2355304.186,0,initial434,1,0,0,0,0,0,0,0,0,0,0,0,0
1,-726313.4474,2349389.202,0,initial435,0,0,0,0,0,0,0,0,0,0,0,0,0
1,-930115.4054,2350631.553,0,initial436,1,0,0,0,0,0,0,0,0,0,0,0,0
1,-828118.1903,2338222.656,0,initial437,0,0,0,0,0,0,0,0,0,0,0,0,0
1,-942668.383,2413738.995,0,initial438,1,0,0,0,0,0,0,0,0,0,0,0,0
1,-825272.0672,2269217.527,0,initial439,0,0,0,0,0,0,0,0,0,0,0,0,0
1,-987351.7238,2312851.644,0,initial440,1,0,0,0,0,0,0,0,0,0,0,0,0
1,-896501.8937,2329012.528,0,initial441,0,0,0,0,0,0,0,0,0,0,0,0,0
1,-707982.7187,2354326.193,0,initial442,1,0,0,0,0,0,0,0,0,0,0,0,0
1,-1023155.141,2258188.851,0,initial443,0,0,0,0,0,0,0,0,0,0,0,0,0
1,-895106.1088,2478326.469,0,initial444,1,0,0,0,0,0,0,0,0,0,0,0,0
1,-873220.7123,2292977.413,0,initial445,0,0,0,0,0,0,0,0,0,0,0,0,0
1,-964588.0795,2258120.892,0,initial446,1,0,0,0,0,0,0,0,0,0,0,0,0
1,-853775.2372,2295113.733,0,initial447,0,0,0,0,0,0,0,0,0,0,0,0,0
1,-1018273.064,2222452.363,0,initial448,1,0,0,0,0,0,0,0,0,0,0,0,0
1,-982900.4995,2323703.091,0,initial449,0,0,0,0,0,0,0,0,0,0,0,0,0
1,-767058.6818,2248761.369,0,initial450,1,0,0,0,0,0,0,0,0,0,0,0,0
1,-846970.0609,2325559.751,0,initial451,0,0,0,0,0,0,0,0,0,0,0,0,0
1,-720955.7984,2306743.996,0,initial452,1,0,0,0,0,0,0,0,0,0,0,0,0
1,-713942.4781,2242808.821,0,initial453,0,0,0,0,0,0,0,0,0,0,0,0,0
1,-876135.2388,2451829.276,0,initial454,1,0,0,0,0,0,0,0,0,0,0,0,0
1,-963241.9834,2305262.917,0,initial455,0,0,0,0,0,0,0,0,0,0,0,0,0
1,-1040279.803,2336231.634,0,initial456,1,0,0,0,0,0,0,0,0,0,0,0,0
1,-843710.5409,2446020.062,0,initial457,0,0,0,0,0,0,0,0,0,0,0,0,0
1,-867593.4033,2304723.426,0,initial458,1,0,0,0,0,0,0,0,0,0,0,0,0
1,-971524.5659,2247239.314,0,initial459,0,0,0,0,0,0,0,0,0,0,0,0,0
1,-1015852.018,2337385.699,0,initial460,1,0,0,0,0,0,0,0,0,0,0,0,0
1,-918457.9357,2444729.271,0,initial461,0,0,0,0,0,0,0,0,0,0,0,0,0
1,-852913.9628,2447459.958,0,initial462,1,0,0,0,0,0,0,0,0,0,0,0,0
1,-740921.9186,2248550.429,0,initial463,0,0,0,0,0,0,0,0,0,0,0,0,0
1,-965486.5908,2387257.871,0,initial464,1,0,0,0,0,0,0,0,0,0,0,0,0
1,-752000.4859,2229937.594,0,initial465,0,0,0,0,0,0,0,0,0,0,0,0,0
1,-856352.2132,2439975.232,0,initial466,1,0,0,0,0,0,0,0,0,0,0,0,0
1,-905189.4413,2455004.679,0,initial467,0,0,0,0,0,0,0,0,0,0,0,0,0
1,-991701.1105,2324950.941,0,initial468,1,0,0,0,0,0,0,0,0,0,0,0,0
1,-997390.5497,2345717.063,0,initial469,0,0,0,0,0,0,0,0,0,0,0,0,0
1,-878076.7347,2400777.048,0,initial470,1,0,0,0,0,0,0,0,0,0,0,0,0
1,-887247.1766,2364727.27,0,initial471,0,0,0,0,0,0,0,0,0,0,0,0,0
1,-1010684.272,2326431.462,0,initial472,1,0,0,0,0,0,0,0,0,0,0,0,0
1,-886995.0633,2256362.008,0,initial473,0,0,0,0,0,0,0,0,0,0,0,0,0
1,-767943.8093,2360002.404,0,initial474,1,0,0,0,0,0,0,0,0,0,0,0,0
1,-892680.1924,2441142.579,0,initial475,0,0,0,0,0,0,0,0,0,0,0,0,0
1,-751170.3964,2264735.862,0,initial476,1,0,0,0,0,0,0,0,0,0,0,0,0
1,-1028948.803,2305142.178,0,initial477,0,0,0,0,0,0,0,0,0,0,0,0,0
1,-807394.1317,2380074.373,0,initial478,1,0,0,0,0,0,0,0,0,0,0,0,0
1,-950477.3657,2261131.703,0,initial479,0,0,0,0,0,0,0,0,0,0,0,0,0
1,-936784.4382,2295822.332,0,initial480,1,0,0,0,0,0,0,0,0,0,0,0,0
1,-1027832.411,2244799.317,0,initial481,0,0,0,0,0,0,0,0,0,0,0,0,0
1,-860275.4092,2379431.292,0,initial482,1,0,0,0,0,0,0,0,0,0,0,0,0
1,-889094.3003,2282017.021,0,initial483,0,0,0,0,0,0,0,0,0,0,0,0,0
1,-979493.2152,2232765.478,0,initial484,1,0,0,0,0,0,0,0,0,0,0,0,0
1,-947610.0585,2275463.742,0,initial485,0,0,0,0,0,0,0,0,0,0,0,0,0
1,-754152.455,2302182.175,0,initial486,1,0,0,0,0,0,0,0,0,0,0,0,0
1,-848398.1997,2269133.987,0,initial487,0,0,0,0,0,0,0,0,0,0,0,0,0
1,-930944.3347,2329503.153,0,initial488,1,0,0,0,0,0,0,0,0,0,0,0,0
1,-664609.4489,2335201.771,0,initial489,0,0,0,0,0,0,0,0,0,0,0,0,0
1,-999437.073,2282750.152,0,initial490,1,0,0,0,0,0,0,0,0,0,0,0,0
1,-843496.3157,2229531.837,0,initial491,0,0,0,0,0,0,0,0,0,0,0,0,0
1,-715732.6942,2313667.383,0,initial492,1,0,0,0,0,0,0,0,0,0,0,0,0
1,-780039.9995,2355395.828,0,initial493,0,0,0,0,0,0,0,0,0,0,0,0,0
1,-1004023.557,2277846.015,0,initial494,1,0,0,0,0,0,0,0,0,0,0,0,0
1,-951110.1203,2285725.312,0,initial495,0,0,0,0,0,0,0,0,0,0,0,0,0
1,-920265.1691,2314194.198,0,initial496,1,0,0,0,0,0,0,0,0,0,0,0,0
1,-759226.368,2332678.313,0,initial497,0,0,0,0,0,0,0,0,0,0,0,0,0
1,-1030646.856,2254916.661,0,initial498,1,0,0,0,0,0,0,0,0,0,0,0,0
1,-837929.7975,2388995.171,0,initial499,0,0,0,0,0,0,0,0,0,0,0,0,0
1,-990028.1378,2286917.002,0,initial500,1,0,0,0,0,0,0,0,0,0,0,0,0
1,-882326.2655,2476011.059,0,initial501,0,0,0,0,0,0,0,0,0,0,0,0,0
1,-808586.9682,2285768.419,0,initial502,1,0,0,0,0,0,0,0,0,0,0,0,0
1,-780781.9437,2229783.594,0,initial503,0,0,0,0,0,0,0,0,0,0,0,0,0
1,-928159.5751,2265992.995,0,initial504,1,0,0,0,0,0,0,0,0,0,0,0,0
1,-912110.637,2446537.109,0,initial505,0,0,0,0,0,0,0,0,0,0,0,0,0
1,-972108.4026,2386231.812,0,initial506,1,0,0,0,0,0,0,0,0,0,0,0,0
1,-717466.864,2327340.06,0,initial507,0,0,0,0,0,0,0,0,0,0,0,0,0
1,-935628.4544,2387453.196,0,initial508,1,0,0,0,0,0,0,0,0,0,0,0,0
1,-715368.1893,2364548.519,0,initial509,0,0,0,0,0,0,0,0,0,0,0,0,0
1,-942548.8797,2235508.487,0,initial510,1,0,0,0,0,0,0,0,0,0,0,0,0
1,-844199.4202,2368517.666,0,initial511,0,0,0,0,0,0,0,0,0,0,0,0,0
1,-925403.31,2475735.709,0,initial512,1,0,0,0,0,0,0,0,0,0,0,0,0
1,-916883.8536,2350024.836,0,initial513,0,0,0,0,0,0,0,0,0,0,0,0,0
1,-909781.4233,2223739.973,0,initial514,1,0,0,0,0,0,0,0,0,0,0,0,0
1,-912077.2566,2255059.397,0,initial515,0,0,0,0,0,0,0,0,0,0,0,0,0
1,-941659.7484,2340378.804,0,initial516,1,0,0,0,0,0,0,0,0,0,0,0,0
1,-878612.9153,2458782.305,0,initial517,0,0,0,0,0,0,0,0,0,0,0,0,0
1,-832716.6868,2319735.261,0,initial518,1,0,0,0,0,0,0,0,0,0,0,0,0
1,-814371.6423,2328767.184,0,initial519,0,0,0,0,0,0,0,0,0,0,0,0,0
1,-969484.9057,2285042.286,0,initial520,1,0,0,0,0,0,0,0,0,0,0,0,0
1,-874382.44,2394663.889,0,initial521,0,0,0,0,0,0,0,0,0,0,0,0,0
1,-811526.951,2260670.513,0,initial522,1,0,0,0,0,0,0,0,0,0,0,0,0
1,-1015951.257,2283598.855,0,initial523,0,0,0,0,0,0,0,0,0,0,0,0,0
1,-900439.7421,2315357.193,0,initial524,1,0,0,0,0,0,0,0,0,0,0,0,0
1,-816108.5497,2335451.966,0,initial525,0,0,0,0,0,0,0,0,0,0,0,0,0
1,-792893.7309,2405248.172,0,initial526,1,0,0,0,0,0,0,0,0,0,0,0,0
1,-992432.9439,2235930.223,0,initial527,0,0,0,0,0,0,0,0,0,0,0,0,0
1,-999703.061,2239926.703,0,initial528,1,0,0,0,0,0,0,0,0,0,0,0,0
1,-766461.5702,2240828.914,0,initial529,0,0,0,0,0,0,0,0,0,0,0,0,0
1,-813132.3404,2301965.107,0,initial530,1,0,0,0,0,0,0,0,0,0,0,0,0
1,-918327.3056,2293599.662,0,initial531,0,0,0,0,0,0,0,0,0,0,0,0,0
1,-796342.9425,2321766.979,0,initial532,1,0,0,0,0,0,0,0,0,0,0,0,0
1,-893887.551,2468304.011,0,initial533,0,0,0,0,0,0,0,0,0,0,0,0,0
1,-919334.7648,2252248.981,0,initial534,1,0,0,0,0,0,0,0,0,0,0,0,0
1,-719409.2545,2378562.965,0,initial535,0,0,0,0,0,0,0,0,0,0,0,0,0
1,-696145.1667,2325043.146,0,initial536,1,0,0,0,0,0,0,0,0,0,0,0,0
1,-934594.0797,2303198.428,0,initial537,0,0,0,0,0,0,0,0,0,0,0,0,0
1,-897682.971,2226320.891,0,initial538,1,0,0,0,0,0,0,0,0,0,0,0,0
1,-771162.5066,2262666.66,0,initial539,0,0,0,0,0,0,0,0,0,0,0,0,0
1,-981258.6936,2247652.92,0,initial540,1,0,0,0,0,0,0,0,0,0,0,0,0
1,-876091.745,2254769.207,0,initial541,0,0,0,0,0,0,0,0,0,0,0,0,0
1,-968547.8527,2373357.621,0,initial542,1,0,0,0,0,0,0,0,0,0,0,0,0
1,-1031400.325,2350243.657,0,initial543,0,0,0,0,0,0,0,0,0,0,0,0,0
1,-975079.6512,2292336.678,0,initial544,1,0,0,0,0,0,0,0,0,0,0,0,0
1,-1000911.69,2294500.303,0,initial545,0,0,0,0,0,0,0,0,0,0,0,0,0
1,-888866.1301,2314365.242,0,initial546,1,0,0,0,0,0,0,0,0,0,0,0,0
1,-950920.598,2329498.422,0,initial547,0,0,0,0,0,0,0,0,0,0,0,0,0
1,-890723.3674,2245179.555,0,initial548,1,0,0,0,0,0,0,0,0,0,0,0,0
1,-782369.7428,2309371.853,0,initial549,0,0,0,0,0,0,0,0,0,0,0,0,0
1,-895285.7077,2339024.575,0,initial550,1,0,0,0,0,0,0,0,0,0,0,0,0
1,-870534.906,2473636.254,0,initial551,0,0,0,0,0,0,0,0,0,0,0,0,0
1,-829741.8489,2305714.918,0,initial552,1,0,0,0,0,0,0,0,0,0,0,0,0
1,-947441.5669,2364095.653,0,initial553,0,0,0,0,0,0,0,0,0,0,0,0,0
1,-824516.7128,2239138.413,0,initial554,1,0,0,0,0,0,0,0,0,0,0,0,0
1,-746834.4429,2241264.528,0,initial555,0,0,0,0,0,0,0,0,0,0,0,0,0
1,-984029.7753,2307179.181,0,initial556,1,0,0,0,0,0,0,0,0,0,0,0,0
1,-809289.777,2269417.483,0,initial557,0,0,0,0,0,0,0,0,0,0,0,0,0
1,-927727.5267,2290847.293,0,initial558,1,0,0,0,0,0,0,0,0,0,0,0,0
1,-739997.0851,2378191.134,0,initial559,0,0,0,0,0,0,0,0,0,0,0,0,0
1,-805611.6242,2257224.886,0,initial560,1,0,0,0,0,0,0,0,0,0,0,0,0
1,-970431.1561,2319812.42,0,initial561,0,0,0,0,0,0,0,0,0,0,0,0,0
1,-900086.1485,2259102.24,0,initial562,1,0,0,0,0,0,0,0,0,0,0,0,0
1,-862707.1988,2395299.435,0,initial563,0,0,0,0,0,0,0,0,0,0,0,0,0
1,-838899.8314,2420081.816,0,initial564,1,0,0,0,0,0,0,0,0,0,0,0,0
1,-968705.5971,2404795.191,0,initial565,0,0,0,0,0,0,0,0,0,0,0,0,0
1,-995557.5054,2352368.355,0,initial566,1,0,0,0,0,0,0,0,0,0,0,0,0
1,-946777.9747,2299721.806,0,initial567,0,0,0,0,0,0,0,0,0,0,0,0,0
1,-896996.5025,2250924.059,0,initial568,1,0,0,0,0,0,0,0,0,0,0,0,0
1,-891568.2484,2322274.056,0,initial569,0,0,0,0,0,0,0,0,0,0,0,0,0
1,-962381.1873,2367982.839,0,initial570,1,0,0,0,0,0,0,0,0,0,0,0,0
1,-942859.05,2261199.337,0,initial571,0,0,0,0,0,0,0,0,0,0,0,0,0
1,-886166.5374,2393174.636,0,initial572,1,0,0,0,0,0,0,0,0,0,0,0,0
1,-854608.0553,2424566.8,0,initial573,0,0,0,0,0,0,0,0,0,0,0,0,0
1,-757081.4359,2282993.475,0,initial574,1,0,0,0,0,0,0,0,0,0,0,0,0
1,-912687.5697,2462099.538,0,initial575,0,0,0,0,0,0,0,0,0,0,0,0,0
1,-882182.0357,2465655.329,0,initial576,1,0,0,0,0,0,0,0,0,0,0,0,0
1,-818019.5244,2288401.251,0,initial577,0,0,0,0,0,0,0,0,0,0,0,0,0
1,-780960.1379,2274836.757,0,initial578,1,0,0,0,0,0,0,0,0,0,0,0,0
1,-683874.7074,2343550.496,0,initial579,0,0,0,0,0,0,0,0,0,0,0,0,0
1,-879023.537,2298236.377,0,initial580,1,0,0,0,0,0,0,0,0,0,0,0,0
1,-687325.9157,2302711.221,0,initial581,0,0,0,0,0,0,0,0,0,0,0,0,0
1,-894206.2961,2233395.275,0,initial582,1,0,0,0,0,0,0,0,0,0,0,0,0
1,-775344.812,2238143.133,0,initial583,0,0,0,0,0,0,0,0,0,0,0,0,0
1,-1024203.899,2236212.508,0,initial584,1,0,0,0,0,0,0,0,0,0,0,0,0
1,-789253.8965,2385469.683,0,initial585,0,0,0,0,0,0,0,0,0,0,0,0,0
1,-886491.7357,2403936.978,0,initial586,1,0,0,0,0,0,0,0,0,0,0,0,0
1,-942298.0074,2438241.661,0,initial587,0,0,0,0,0,0,0,0,0,0,0,0,0
1,-651466.9808,2331438.872,0,initial588,1,0,0,0,0,0,0,0,0,0,0,0,0
1,-799485.2628,2393501.017,0,initial589,0,0,0,0,0,0,0,0,0,0,0,0,0
1,-987762.3718,2257770.407,0,initial590,1,0,0,0,0,0,0,0,0,0,0,0,0
1,-943451.9714,2333663.577,0,initial591,0,0,0,0,0,0,0,0,0,0,0,0,0
1,-704705.3113,2343497.259,0,initial592,1,0,0,0,0,0,0,0,0,0,0,0,0
1,-1003184.348,2342490.526,0,initial593,0,0,0,0,0,0,0,0,0,0,0,0,0
1,-782094.6664,2366586.891,0,initial594,1,0,0,0,0,0,0,0,0,0,0,0,0
1,-728395.9099,2318669.904,0,initial595,0,0,0,0,0,0,0,0,0,0,0,0,0
1,-722921.7704,2342796.69,0,initial596,1,0,0,0,0,0,0,0,0,0,0,0,0
1,-757832.909,2270540.942,0,initial597,0,0,0,0,0,0,0,0,0,0,0,0,0
1,-768777.2935,2349590.374,0,initial598,1,0,0,0,0,0,0,0,0,0,0,0,0
1,-848015.9564,2466940.22,0,initial599,0,0,0,0,0,0,0,0,0,0,0,0,0
1,-857977.2892,2268744.008,0,initial600,1,0,0,0,0,0,0,0,0,0,0,0,0
1,-823992.7555,2445575.443,0,initial601,0,0,0,0,0,0,0,0,0,0,0,0,0
1,-979650.7529,2313066.653,0,initial602,1,0,0,0,0,0,0,0,0,0,0,0,0
1,-897849.5121,2437898.417,0,initial603,0,0,0,0,0,0,0,0,0,0,0,0,0
1,-961621.5151,2272834.185,0,initial604,1,0,0,0,0,0,0,0,0,0,0,0,0
1,-924593.6662,2390470.305,0,initial605,0,0,0,0,0,0,0,0,0,0,0,0,0
1,-862224.6076,2255729.699,0,initial606,1,0,0,0,0,0,0,0,0,0,0,0,0
1,-815309.6796,2452679.596,0,initial607,0,0,0,0,0,0,0,0,0,0,0,0,0
1,-917639.9587,2425381.74,0,initial608,1,0,0,0,0,0,0,0,0,0,0,0,0
1,-762729.1651,2302682.901,0,initial609,0,0,0,0,0,0,0,0,0,0,0,0,0
1,-819872.4694,2279471.778,0,initial610,1,0,0,0,0,0,0,0,0,0,0,0,0
1,-837663.3609,2274826.71,0,initial611,0,0,0,0,0,0,0,0,0,0,0,0,0
1,-789533.0023,2304096.537,0,initial612,1,0,0,0,0,0,0,0,0,0,0,0,0
1,-887053.3931,2353458.107,0,initial613,0,0,0,0,0,0,0,0,0,0,0,0,0
1,-913600.4734,2232179.918,0,initial614,1,0,0,0,0,0,0,0,0,0,0,0,0
1,-908141.0699,2308792.282,0,initial615,0,0,0,0,0,0,0,0,0,0,0,0,0
1,-909485.3572,2295603.385,0,initial616,1,0,0,0,0,0,0,0,0,0,0,0,0
1,-999887.3984,2264107.261,0,initial617,0,0,0,0,0,0,0,0,0,0,0,0,0
1,-851671.4516,2360785.974,0,initial618,1,0,0,0,0,0,0,0,0,0,0,0,0
1,-789403.7068,2350265.844,0,initial619,0,0,0,0,0,0,0,0,0,0,0,0,0
1,-837871.5323,2232805.967,0,initial620,1,0,0,0,0,0,0,0,0,0,0,0,0
1,-920575.8421,2275976.682,0,initial621,0,0,0,0,0,0,0,0,0,0,0,0,0
1,-921127.2138,2419284.476,0,initial622,1,0,0,0,0,0,0,0,0,0,0,0,0
1,-708497.3484,2325033.556,0,initial623,0,0,0,0,0,0,0,0,0,0,0,0,0
1,-746031.949,2271813.08,0,initial624,1,0,0,0,0,0,0,0,0,0,0,0,0
1,-652801.4316,2346557.415,0,initial625,0,0,0,0,0,0,0,0,0,0,0,0,0
1,-917309.1742,2324185.636,0,initial626,1,0,0,0,0,0,0,0,0,0,0,0,0
1,-953052.3613,2347644.138,0,initial627,0,0,0,0,0,0,0,0,0,0,0,0,0
1,-1000088.141,2223071.635,0,initial628,1,0,0,0,0,0,0,0,0,0,0,0,0
1,-995702.5676,2305488.06,0,initial629,0,0,0,0,0,0,0,0,0,0,0,0,0
1,-879964.2182,2484041.361,0,initial630,1,0,0,0,0,0,0,0,0,0,0,0,0
1,-956824.7404,2277625.816,0,initial631,0,0,0,0,0,0,0,0,0,0,0,0,0
1,-864465.789,2454048.776,0,initial632,1,0,0,0,0,0,0,0,0,0,0,0,0
1,-991700.3038,2365597.156,0,initial633,0,0,0,0,0,0,0,0,0,0,0,0,0
1,-878141.5027,2338867.079,0,initial634,1,0,0,0,0,0,0,0,0,0,0,0,0
1,-805300.6088,2353070.436,0,initial635,0,0,0,0,0,0,0,0,0,0,0,0,0
1,-941749.5612,2352267.827,0,initial636,1,0,0,0,0,0,0,0,0,0,0,0,0
1,-884017.2913,2266726.942,0,initial637,0,0,0,0,0,0,0,0,0,0,0,0,0
1,-854114.4243,2310780.902,0,initial638,1,0,0,0,0,0,0,0,0,0,0,0,0
1,-843955.8008,2308064.377,0,initial639,0,0,0,0,0,0,0,0,0,0,0,0,0
1,-894297.3425,2305557.353,0,initial640,1,0,0,0,0,0,0,0,0,0,0,0,0
1,-816436.7653,2444623.022,0,initial641,0,0,0,0,0,0,0,0,0,0,0,0,0
1,-857745.2744,2241927.95,0,initial642,1,0,0,0,0,0,0,0,0,0,0,0,0
1,-886957.0483,2375710.646,0,initial643,0,0,0,0,0,0,0,0,0,0,0,0,0
1,-849751.4418,2241085.172,0,initial644,1,0,0,0,0,0,0,0,0,0,0,0,0
1,-977420.5435,2370276.812,0,initial645,0,0,0,0,0,0,0,0,0,0,0,0,0
1,-796795.7482,2302507.773,0,initial646,1,0,0,0,0,0,0,0,0,0,0,0,0
1,-838865.462,2240682.935,0,initial647,0,0,0,0,0,0,0,0,0,0,0,0,0
1,-869267.0395,2311197.574,0,initial648,1,0,0,0,0,0,0,0,0,0,0,0,0
1,-820984.2683,2250757.629,0,initial649,0,0,0,0,0,0,0,0,0,0,0,0,0
1,-920158.4492,2367752.366,0,initial650,1,0,0,0,0,0,0,0,0,0,0,0,0
1,-823528.8201,2415623.817,0,initial651,0,0,0,0,0,0,0,0,0,0,0,0,0
1,-971530.2948,2379435.301,0,initial652,1,0,0,0,0,0,0,0,0,0,0,0,0
1,-882309.4833,2490177.321,0,initial653,0,0,0,0,0,0,0,0,0,0,0,0,0
1,-857771.7993,2287980.367,0,initial654,1,0,0,0,0,0,0,0,0,0,0,0,0
1,-677480.468,2306704.351,0,initial655,0,0,0,0,0,0,0,0,0,0,0,0,0
1,-690302.4673,2331389.12,0,initial656,1,0,0,0,0,0,0,0,0,0,0,0,0
1,-1027720.663,2336100.71,0,initial657,0,0,0,0,0,0,0,0,0,0,0,0,0
1,-891216.8206,2332711.306,0,initial658,1,0,0,0,0,0,0,0,0,0,0,0,0
1,-789136.4925,2270180.465,0,initial659,0,0,0,0,0,0,0,0,0,0,0,0,0
1,-829841.2898,2385285.015,0,initial660,1,0,0,0,0,0,0,0,0,0,0,0,0
1,-877329.5842,2494754.674,0,initial661,0,0,0,0,0,0,0,0,0,0,0,0,0
1,-1011263.562,2318611.462,0,initial662,1,0,0,0,0,0,0,0,0,0,0,0,0
1,-714719.3504,2340079.553,0,initial663,0,0,0,0,0,0,0,0,0,0,0,0,0
1,-866608.8345,2343779.564,0,initial664,1,0,0,0,0,0,0,0,0,0,0,0,0
1,-825244.7032,2365437.599,0,initial665,0,0,0,0,0,0,0,0,0,0,0,0,0
1,-670106.3921,2341739.145,0,initial666,1,0,0,0,0,0,0,0,0,0,0,0,0
1,-967949.2959,2224827.258,0,initial667,0,0,0,0,0,0,0,0,0,0,0,0,0
1,-972580.9514,2260050.137,0,initial668,1,0,0,0,0,0,0,0,0,0,0,0,0
1,-869440.068,2234583.974,0,initial669,0,0,0,0,0,0,0,0,0,0,0,0,0
1,-985154.8068,2301184.865,0,initial670,1,0,0,0,0,0,0,0,0,0,0,0,0
1,-881731.6451,2372548.247,0,initial671,0,0,0,0,0,0,0,0,0,0,0,0,0
1,-980381.4481,2331766.441,0,initial672,1,0,0,0,0,0,0,0,0,0,0,0,0
1,-822068.6665,2391204.286,0,initial673,0,0,0,0,0,0,0,0,0,0,0,0,0
1,-875901.5033,2307240.515,0,initial674,1,0,0,0,0,0,0,0,0,0,0,0,0
1,-737123.9166,2340900.33,0,initial675,0,0,0,0,0,0,0,0,0,0,0,0,0
1,-837009.161,2399241.557,0,initial676,1,0,0,0,0,0,0,0,0,0,0,0,0
1,-989029.766,2344059.693,0,initial677,0,0,0,0,0,0,0,0,0,0,0,0,0
1,-1000656.528,2318107.982,0,initial678,1,0,0,0,0,0,0,0,0,0,0,0,0
1,-658184.3142,2333262.283,0,initial679,0,0,0,0,0,0,0,0,0,0,0,0,0
1,-802330.1934,2283142.749,0,initial680,1,0,0,0,0,0,0,0,0,0,0,0,0
1,-920148.4216,2301972.198,0,initial681,0,0,0,0,0,0,0,0,0,0,0,0,0
1,-807018.7388,2400059.302,0,initial682,1,0,0,0,0,0,0,0,0,0,0,0,0
1,-807872.0152,2367577.343,0,initial683,0,0,0,0,0,0,0,0,0,0,0,0,0
1,-928715.6788,2449773.109,0,initial684,1,0,0,0,0,0,0,0,0,0,0,0,0
1,-762508.2126,2316203.715,0,initial685,0,0,0,0,0,0,0,0,0,0,0,0,0
1,-984537.635,2351502.096,0,initial686,1,0,0,0,0,0,0,0,0,0,0,0,0
1,-1035170.968,2359686.218,0,initial687,0,0,0,0,0,0,0,0,0,0,0,0,0
1,-966094.6387,2393847.038,0,initial688,1,0,0,0,0,0,0,0,0,0,0,0,0
1,-969499.6914,2338308.439,0,initial689,0,0,0,0,0,0,0,0,0,0,0,0,0
1,-875864.9214,2330941.628,0,initial690,1,0,0,0,0,0,0,0,0,0,0,0,0
1,-750622.7954,2248966.165,0,initial691,0,0,0,0,0,0,0,0,0,0,0,0,0
1,-904445.4933,2377896.967,0,initial692,1,0,0,0,0,0,0,0,0,0,0,0,0
1,-868068.8626,2489896.189,0,initial693,0,0,0,0,0,0,0,0,0,0,0,0,0
1,-986097.814,2275797.603,0,initial694,1,0,0,0,0,0,0,0,0,0,0,0,0
1,-924601.4277,2336254.917,0,initial695,0,0,0,0,0,0,0,0,0,0,0,0,0
1,-869773.3464,2279212.976,0,initial696,1,0,0,0,0,0,0,0,0,0,0,0,0
1,-832256.9365,2446783.959,0,initial697,0,0,0,0,0,0,0,0,0,0,0,0,0
1,-952104.4598,2249858.897,0,initial698,1,0,0,0,0,0,0,0,0,0,0,0,0
1,-865149.5453,2504726.903,0,initial699,0,0,0,0,0,0,0,0,0,0,0,0,0
1,-922821.184,2493412.467,0,initial700,1,0,0,0,0,0,0,0,0,0,0,0,0
1,-778487.6281,2290501.44,0,initial701,0,0,0,0,0,0,0,0,0,0,0,0,0
1,-728584.3437,2369679.494,0,initial702,1,0,0,0,0,0,0,0,0,0,0,0,0
1,-802264.7228,2291989.608,0,initial703,0,0,0,0,0,0,0,0,0,0,0,0,0
1,-967208.3688,2363692.157,0,initial704,1,0,0,0,0,0,0,0,0,0,0,0,0
1,-826908.4048,2353725.968,0,initial705,0,0,0,0,0,0,0,0,0,0,0,0,0
1,-905839.4206,2273305.248,0,initial706,1,0,0,0,0,0,0,0,0,0,0,0,0
1,-817052.9858,2346926.229,0,initial707,0,0,0,0,0,0,0,0,0,0,0,0,0
1,-828458.2705,2312874.273,0,initial708,1,0,0,0,0,0,0,0,0,0,0,0,0
1,-1017937.919,2294791.933,0,initial709,0,0,0,0,0,0,0,0,0,0,0,0,0
1,-971116.3609,2398451.5,0,initial710,1,0,0,0,0,0,0,0,0,0,0,0,0
1,-754142.6224,2367964.535,0,initial711,0,0,0,0,0,0,0,0,0,0,0,0,0
1,-843203.8318,2380541.309,0,initial712,1,0,0,0,0,0,0,0,0,0,0,0,0
1,-916020.5884,2224705.312,0,initial713,0,0,0,0,0,0,0,0,0,0,0,0,0
1,-947326.1748,2372976.639,0,initial714,1,0,0,0,0,0,0,0,0,0,0,0,0
1,-797878.0772,2331448.125,0,initial715,0,0,0,0,0,0,0,0,0,0,0,0,0
1,-875671.5207,2407614.068,0,initial716,1,0,0,0,0,0,0,0,0,0,0,0,0
1,-818508.1021,2314991.885,0,initial717,0,0,0,0,0,0,0,0,0,0,0,0,0
1,-825442.958,2292082.97,0,initial718,1,0,0,0,0,0,0,0,0,0,0,0,0
1,-845419.4515,2397038.588,0,initial719,0,0,0,0,0,0,0,0,0,0,0,0,0
1,-756094.895,2358563.401,0,initial720,1,0,0,0,0,0,0,0,0,0,0,0,0
1,-928753.2428,2318608.033,0,initial721,0,0,0,0,0,0,0,0,0,0,0,0,0
1,-886030.1406,2287265.726,0,initial722,1,0,0,0,0,0,0,0,0,0,0,0,0
1,-701162.3167,2337395.704,0,initial723,0,0,0,0,0,0,0,0,0,0,0,0,0
1,-855734.4177,2394859.979,0,initial724,1,0,0,0,0,0,0,0,0,0,0,0,0
1,-789597.6628,2253534.143,0,initial725,0,0,0,0,0,0,0,0,0,0,0,0,0
1,-923746.3676,2238091.662,0,initial726,1,0,0,0,0,0,0,0,0,0,0,0,0
1,-891789.346,2289357.599,0,initial727,0,0,0,0,0,0,0,0,0,0,0,0,0
1,-908100.3489,2521381.346,0,initial728,1,0,0,0,0,0,0,0,0,0,0,0,0
1,-771282.1954,2366935.558,0,initial729,0,0,0,0,0,0,0,0,0,0,0,0,0
1,-899615.9398,2402360.516,0,initial730,1,0,0,0,0,0,0,0,0,0,0,0,0
1,-784047.8832,2244186.114,0,initial731,0,0,0,0,0,0,0,0,0,0,0,0,0
1,-883763.7218,2324522.762,0,initial732,1,0,0,0,0,0,0,0,0,0,0,0,0
1,-777276.4599,2370597.665,0,initial733,0,0,0,0,0,0,0,0,0,0,0,0,0
1,-918919.7528,2264623.134,0,initial734,1,0,0,0,0,0,0,0,0,0,0,0,0
1,-881462.7391,2226954.578,0,initial735,0,0,0,0,0,0,0,0,0,0,0,0,0
1,-1012050.984,2231348.709,0,initial736,1,0,0,0,0,0,0,0,0,0,0,0,0
1,-842981.8849,2256790.259,0,initial737,0,0,0,0,0,0,0,0,0,0,0,0,0
1,-1008260.475,2350096.062,0,initial738,1,0,0,0,0,0,0,0,0,0,0,0,0
1,-765699.8276,2332253.849,0,initial739,0,0,0,0,0,0,0,0,0,0,0,0,0
1,-1021583.382,2320582.097,0,initial740,1,0,0,0,0,0,0,0,0,0,0,0,0
1,-978480.831,2239681.77,0,initial741,0,0,0,0,0,0,0,0,0,0,0,0,0
1,-935929.8953,2422286.287,0,initial742,1,0,0,0,0,0,0,0,0,0,0,0,0
1,-994580.5546,2314601.747,0,initial743,0,0,0,0,0,0,0,0,0,0,0,0,0
1,-675446.273,2337610.761,0,initial744,1,0,0,0,0,0,0,0,0,0,0,0,0
1,-820248.6489,2327006.052,0,initial745,0,0,0,0,0,0,0,0,0,0,0,0,0
1,-909010.3869,2407728.025,0,initial746,1,0,0,0,0,0,0,0,0,0,0,0,0
1,-881555.0593,2311398.908,0,initial747,0,0,0,0,0,0,0,0,0,0,0,0,0
1,-954730.4428,2387832.186,0,initial748,1,0,0,0,0,0,0,0,0,0,0,0,0
1,-815085.3175,2267504.799,0,initial749,0,0,0,0,0,0,0,0,0,0,0,0,0
1,-950462.4114,2437153.204,0,initial750,1,0,0,0,0,0,0,0,0,0,0,0,0
1,-1012413.155,2254916.495,0,initial751,0,0,0,0,0,0,0,0,0,0,0,0,0
1,-819320.1665,2341223.257,0,initial752,1,0,0,0,0,0,0,0,0,0,0,0,0
1,-920027.1725,2402356.155,0,initial753,0,0,0,0,0,0,0,0,0,0,0,0,0
1,-894105.3631,2417059.059,0,initial754,1,0,0,0,0,0,0,0,0,0,0,0,0
1,-961230.0356,2296783.807,0,initial755,0,0,0,0,0,0,0,0,0,0,0,0,0
1,-862751.7763,2233783.276,0,initial756,1,0,0,0,0,0,0,0,0,0,0,0,0
1,-893393.4761,2257060.013,0,initial757,0,0,0,0,0,0,0,0,0,0,0,0,0
1,-867004.0403,2268414.819,0,initial758,1,0,0,0,0,0,0,0,0,0,0,0,0
1,-737418.4411,2255941.972,0,initial759,0,0,0,0,0,0,0,0,0,0,0,0,0
1,-828635.1101,2297948.368,0,initial760,1,0,0,0,0,0,0,0,0,0,0,0,0
1,-820870.9713,2436332.28,0,initial761,0,0,0,0,0,0,0,0,0,0,0,0,0
1,-957849.915,2373652.061,0,initial762,1,0,0,0,0,0,0,0,0,0,0,0,0
1,-852520.0845,2473905.708,0,initial763,0,0,0,0,0,0,0,0,0,0,0,0,0
1,-880871.0909,2412494.264,0,initial764,1,0,0,0,0,0,0,0,0,0,0,0,0
1,-749718.919,2333686.206,0,initial765,0,0,0,0,0,0,0,0,0,0,0,0,0
1,-1030327.789,2297030.128,0,initial766,1,0,0,0,0,0,0,0,0,0,0,0,0
1,-671916.8841,2311671.905,0,initial767,0,0,0,0,0,0,0,0,0,0,0,0,0
1,-952913.9554,2237509.343,0,initial768,1,0,0,0,0,0,0,0,0,0,0,0,0
1,-913647.3364,2437043.677,0,initial769,0,0,0,0,0,0,0,0,0,0,0,0,0
1,-875616.5616,2286535.406,0,initial770,1,0,0,0,0,0,0,0,0,0,0,0,0
1,-887725.4556,2481284.189,0,initial771,0,0,0,0,0,0,0,0,0,0,0,0,0
1,-868631.421,2437729.814,0,initial772,1,0,0,0,0,0,0,0,0,0,0,0,0
1,-967315.0364,2265186.923,0,initial773,0,0,0,0,0,0,0,0,0,0,0,0,0
1,-859214.2967,2276090.428,0,initial774,1,0,0,0,0,0,0,0,0,0,0,0,0
1,-845533.4349,2425493.707,0,initial775,0,0,0,0,0,0,0,0,0,0,0,0,0
1,-763527.2261,2376588.322,0,initial776,1,0,0,0,0,0,0,0,0,0,0,0,0
1,-796370.0703,2312840.395,0,initial777,0,0,0,0,0,0,0,0,0,0,0,0,0
1,-858487.5694,2334863.062,0,initial778,1,0,0,0,0,0,0,0,0,0,0,0,0
1,-795216.5219,2258199.349,0,initial779,0,0,0,0,0,0,0,0,0,0,0,0,0
1,-691811.4048,2342964.779,0,initial780,1,0,0,0,0,0,0,0,0,0,0,0,0
1,-1016039.115,2348867.512,0,initial781,0,0,0,0,0,0,0,0,0,0,0,0,0
1,-1010322.763,2287926.389,0,initial782,1,0,0,0,0,0,0,0,0,0,0,0,0
1,-965449.0527,2241823.874,0,initial783,0,0,0,0,0,0,0,0,0,0,0,0,0
1,-862397.4287,2496338.926,0,initial784,1,0,0,0,0,0,0,0,0,0,0,0,0
1,-930021.771,2415038.671,0,initial785,0,0,0,0,0,0,0,0,0,0,0,0,0
1,-657549.9422,2319116.097,0,initial786,1,0,0,0,0,0,0,0,0,0,0,0,0
1,-743481.3132,2385339.093,0,initial787,0,0,0,0,0,0,0,0,0,0,0,0,0
1,-982098.9819,2384914.269,0,initial788,1,0,0,0,0,0,0,0,0,0,0,0,0
1,-878029.0232,2442158.658,0,initial789,0,0,0,0,0,0,0,0,0,0,0,0,0
1,-917042.8648,2452602.259,0,initial790,1,0,0,0,0,0,0,0,0,0,0,0,0
1,-959331.1262,2383110.437,0,initial791,0,0,0,0,0,0,0,0,0,0,0,0,0
1,-785455.6875,2314634.411,0,initial792,1,0,0,0,0,0,0,0,0,0,0,0,0
1,-796105.8629,2364307.016,0,initial793,0,0,0,0,0,0,0,0,0,0,0,0,0
1,-941831.9073,2285674.374,0,initial794,1,0,0,0,0,0,0,0,0,0,0,0,0
1,-936341.3647,2443598.966,0,initial795,0,0,0,0,0,0,0,0,0,0,0,0,0
1,-808575.3299,2276431.584,0,initial796,1,0,0,0,0,0,0,0,0,0,0,0,0
1,-926959.8821,2222065.032,0,initial797,0,0,0,0,0,0,0,0,0,0,0,0,0
1,-870915.9308,2383280.796,0,initial798,1,0,0,0,0,0,0,0,0,0,0,0,0
1,-833460.7784,2251250.79,0,initial799,0,0,0,0,0,0,0,0,0,0,0,0,0
1,-1014758.58,2213899.329,0,initial800,1,0,0,0,0,0,0,0,0,0,0,0,0
1,-917431.5254,2332855.744,0,initial801,0,0,0,0,0,0,0,0,0,0,0,0,0
1,-893046.3755,2376703.636,0,initial802,1,0,0,0,0,0,0,0,0,0,0,0,0
1,-760828.3166,2322129.848,0,initial803,0,0,0,0,0,0,0,0,0,0,0,0,0
1,-739647.8797,2370592.472,0,initial804,1,0,0,0,0,0,0,0,0,0,0,0,0
1,-766762.4425,2391890.172,0,initial805,0,0,0,0,0,0,0,0,0,0,0,0,0
1,-739514.5675,2299793.692,0,initial806,1,0,0,0,0,0,0,0,0,0,0,0,0
1,-898283.7009,2281930.978,0,initial807,0,0,0,0,0,0,0,0,0,0,0,0,0
1,-874205.0863,2248370.8,0,initial808,1,0,0,0,0,0,0,0,0,0,0,0,0
1,-788968.8034,2234425.107,0,initial809,0,0,0,0,0,0,0,0,0,0,0,0,0
1,-803396.4329,2313017.42,0,initial810,1,0,0,0,0,0,0,0,0,0,0,0,0
1,-792668.1169,2275113.489,0,initial811,0,0,0,0,0,0,0,0,0,0,0,0,0
1,-911586.2721,2275608.5,0,initial812,1,0,0,0,0,0,0,0,0,0,0,0,0
1,-868235.2104,2515438.288,0,initial813,0,0,0,0,0,0,0,0,0,0,0,0,0
1,-849644.9575,2352005.804,0,initial814,1,0,0,0,0,0,0,0,0,0,0,0,0
1,-850849.553,2379218.708,0,initial815,0,0,0,0,0,0,0,0,0,0,0,0,0
1,-843397.1153,2286294.459,0,initial816,1,0,0,0,0,0,0,0,0,0,0,0,0
1,-937250.2764,2454341.109,0,initial817,0,0,0,0,0,0,0,0,0,0,0,0,0
1,-972264.8769,2313647.053,0,initial818,1,0,0,0,0,0,0,0,0,0,0,0,0
1,-778072.4461,2253779.656,0,initial819,0,0,0,0,0,0,0,0,0,0,0,0,0
1,-679358.8558,2321792.96,0,initial820,1,0,0,0,0,0,0,0,0,0,0,0,0
1,-897011.3035,2389835.313,0,initial821,0,0,0,0,0,0,0,0,0,0,0,0,0
1,-851978.8195,2249289.234,0,initial822,1,0,0,0,0,0,0,0,0,0,0,0,0
1,-1018845.383,2326361.428,0,initial823,0,0,0,0,0,0,0,0,0,0,0,0,0
1,-973879.5461,2345302.542,0,initial824,1,0,0,0,0,0,0,0,0,0,0,0,0
1,-799767.509,2348292.347,0,initial825,0,0,0,0,0,0,0,0,0,0,0,0,0
1,-749687.7485,2347266.919,0,initial826,1,0,0,0,0,0,0,0,0,0,0,0,0
1,-814525.7353,2295881.767,0,initial827,0,0,0,0,0,0,0,0,0,0,0,0,0
1,-876161.3648,2378769.285,0,initial828,1,0,0,0,0,0,0,0,0,0,0,0,0
1,-846404.5265,2415752.425,0,initial829,0,0,0,0,0,0,0,0,0,0,0,0,0
1,-870777.8394,2261784.348,0,initial830,1,0,0,0,0,0,0,0,0,0,0,0,0
1,-763609.7945,2344971.072,0,initial831,0,0,0,0,0,0,0,0,0,0,0,0,0
1,-885002.7362,2457038.558,0,initial832,1,0,0,0,0,0,0,0,0,0,0,0,0
1,-810600.304,2373459.572,0,initial833,0,0,0,0,0,0,0,0,0,0,0,0,0
1,-977914.4116,2419518.801,0,initial834,1,0,0,0,0,0,0,0,0,0,0,0,0
1,-1035848.636,2300897.387,0,initial835,0,0,0,0,0,0,0,0,0,0,0,0,0
1,-963133.3556,2229052.656,0,initial836,1,0,0,0,0,0,0,0,0,0,0,0,0
1,-729709.6794,2343293.738,0,initial837,0,0,0,0,0,0,0,0,0,0,0,0,0
1,-717734.5105,2254963.614,0,initial838,1,0,0,0,0,0,0,0,0,0,0,0,0
1,-875306.5814,2511567.125,0,initial839,0,0,0,0,0,0,0,0,0,0,0,0,0
1,-725683.6111,2236596.086,0,initial840,1,0,0,0,0,0,0,0,0,0,0,0,0
1,-947018.4508,2425022.481,0,initial841,0,0,0,0,0,0,0,0,0,0,0,0,0
1,-942306.1571,2320663.113,0,initial842,1,0,0,0,0,0,0,0,0,0,0,0,0
1,-835849.2192,2221232.402,0,initial843,0,0,0,0,0,0,0,0,0,0,0,0,0
1,-1006148.881,2270989.347,0,initial844,1,0,0,0,0,0,0,0,0,0,0,0,0
1,-723850.0717,2229939.194,0,initial845,0,0,0,0,0,0,0,0,0,0,0,0,0
1,-1018761.133,2305744.793,0,initial846,1,0,0,0,0,0,0,0,0,0,0,0,0
1,-934508.7518,2276241.975,0,initial847,0,0,0,0,0,0,0,0,0,0,0,0,0
1,-828142.6984,2245523.058,0,initial848,1,0,0,0,0,0,0,0,0,0,0,0,0
1,-1020931.132,2210830.095,0,initial849,0,0,0,0,0,0,0,0,0,0,0,0,0
1,-898510.501,2382874.189,0,initial850,1,0,0,0,0,0,0,0,0,0,0,0,0
1,-689012.9463,2310021.47,0,initial851,0,0,0,0,0,0,0,0,0,0,0,0,0
1,-901482.6371,2342836.918,0,initial852,1,0,0,0,0,0,0,0,0,0,0,0,0
1,-949541.5689,2315972.921,0,initial853,0,0,0,0,0,0,0,0,0,0,0,0,0
1,-749043.4515,2389640.532,0,initial854,1,0,0,0,0,0,0,0,0,0,0,0,0
1,-869464.6653,2389366.013,0,initial855,0,0,0,0,0,0,0,0,0,0,0,0,0
1,-802545.2378,2362939.204,0,initial856,1,0,0,0,0,0,0,0,0,0,0,0,0
1,-739248.3969,2263832.765,0,initial857,0,0,0,0,0,0,0,0,0,0,0,0,0
1,-738652.4708,2348373.062,0,initial858,1,0,0,0,0,0,0,0,0,0,0,0,0
1,-1006806.918,2222811.199,0,initial859,0,0,0,0,0,0,0,0,0,0,0,0,0
1,-1014847.146,2300207.308,0,initial860,1,0,0,0,0,0,0,0,0,0,0,0,0
1,-988642.0803,2359229.742,0,initial861,0,0,0,0,0,0,0,0,0,0,0,0,0
1,-935486.79,2256849.466,0,initial862,1,0,0,0,0,0,0,0,0,0,0,0,0
1,-836738.2876,2440291.287,0,initial863,0,0,0,0,0,0,0,0,0,0,0,0,0
1,-845603.5325,2357672.524,0,initial864,1,0,0,0,0,0,0,0,0,0,0,0,0
1,-939400.15,2380495.707,0,initial865,0,0,0,0,0,0,0,0,0,0,0,0,0
1,-974356.542,2222322.271,0,initial866,1,0,0,0,0,0,0,0,0,0,0,0,0
1,-865830.7342,2521302.295,0,initial867,0,0,0,0,0,0,0,0,0,0,0,0,0
1,-903919.5291,2362596.184,0,initial868,1,0,0,0,0,0,0,0,0,0,0,0,0
1,-992853.1323,2267111.523,0,initial869,0,0,0,0,0,0,0,0,0,0,0,0,0
1,-742372.6097,2237148.585,0,initial870,1,0,0,0,0,0,0,0,0,0,0,0,0
1,-957196.7416,2266519.227,0,initial871,0,0,0,0,0,0,0,0,0,0,0,0,0
1,-905088.3582,2243712.006,0,initial872,1,0,0,0,0,0,0,0,0,0,0,0,0
1,-828366.2874,2426870.627,0,initial873,0,0,0,0,0,0,0,0,0,0,0,0,0
1,-965112.0337,2354510.668,0,initial874,1,0,0,0,0,0,0,0,0,0,0,0,0
1,-769645.6863,2280071.582,0,initial875,0,0,0,0,0,0,0,0,0,0,0,0,0
1,-945763.0097,2347380.481,0,initial876,1,0,0,0,0,0,0,0,0,0,0,0,0
1,-785904.0725,2226515.25,0,initial877,0,0,0,0,0,0,0,0,0,0,0,0,0
1,-980023.7315,2284344.62,0,initial878,1,0,0,0,0,0,0,0,0,0,0,0,0
1,-771883.5064,2344294.131,0,initial879,0,0,0,0,0,0,0,0,0,0,0,0,0
1,-893761.0084,2404178.808,0,initial880,1,0,0,0,0,0,0,0,0,0,0,0,0
1,-826917.9277,2324672.515,0,initial881,0,0,0,0,0,0,0,0,0,0,0,0,0
1,-909685.9945,2422926.628,0,initial882,1,0,0,0,0,0,0,0,0,0,0,0,0
1,-780704.2152,2326887.4,0,initial883,0,0,0,0,0,0,0,0,0,0,0,0,0
1,-831388.2033,2409840.843,0,initial884,1,0,0,0,0,0,0,0,0,0,0,0,0
1,-836253.0319,2292686.669,0,initial885,0,0,0,0,0,0,0,0,0,0,0,0,0
1,-631651.5281,2326475.81,0,initial886,1,0,0,0,0,0,0,0,0,0,0,0,0
1,-986022.8356,2226036.48,0,initial887,0,0,0,0,0,0,0,0,0,0,0,0,0
1,-862074.1609,2368147.914,0,initial888,1,0,0,0,0,0,0,0,0,0,0,0,0
1,-762052.8805,2288176.159,0,initial889,0,0,0,0,0,0,0,0,0,0,0,0,0
1,-722197.7232,2365733.336,0,initial890,1,0,0,0,0,0,0,0,0,0,0,0,0
1,-891870.6405,2276481.278,0,initial891,0,0,0,0,0,0,0,0,0,0,0,0,0
1,-829679.4404,2359138.048,0,initial892,1,0,0,0,0,0,0,0,0,0,0,0,0
1,-870415.9387,2457530.839,0,initial893,0,0,0,0,0,0,0,0,0,0,0,0,0
1,-929159.8954,2422679.099,0,initial894,1,0,0,0,0,0,0,0,0,0,0,0,0
1,-941226.3269,2275733.817,0,initial895,0,0,0,0,0,0,0,0,0,0,0,0,0
1,-943110.5013,2406456.476,0,initial896,1,0,0,0,0,0,0,0,0,0,0,0,0
1,-759456.8829,2224458.66,0,initial897,0,0,0,0,0,0,0,0,0,0,0,0,0
1,-863141.3467,2280833.362,0,initial898,1,0,0,0,0,0,0,0,0,0,0,0,0
1,-734848.8922,2238670.02,0,initial899,0,0,0,0,0,0,0,0,0,0,0,0,0
1,-955661.6705,2302248.94,0,initial900,1,0,0,0,0,0,0,0,0,0,0,0,0
1,-698971.4072,2369215.44,0,initial901,0,0,0,0,0,0,0,0,0,0,0,0,0
1,-927528.7233,2364156.949,0,initial902,1,0,0,0,0,0,0,0,0,0,0,0,0
1,-855978.86,2354581.074,0,initial903,0,0,0,0,0,0,0,0,0,0,0,0,0
1,-840614.5128,2469938.161,0,initial904,1,0,0,0,0,0,0,0,0,0,0,0,0
1,-919990.5344,2466687.332,0,initial905,0,0,0,0,0,0,0,0,0,0,0,0,0
1,-885952.8556,2231811.184,0,initial906,1,0,0,0,0,0,0,0,0,0,0,0,0
1,-1044480.937,2292383.878,0,initial907,0,0,0,0,0,0,0,0,0,0,0,0,0
1,-858553.2589,2457062.745,0,initial908,1,0,0,0,0,0,0,0,0,0,0,0,0
1,-790166.2631,2318520.718,0,initial909,0,0,0,0,0,0,0,0,0,0,0,0,0
1,-905368.9165,2335008.504,0,initial910,1,0,0,0,0,0,0,0,0,0,0,0,0
1,-1018227.679,2197896.781,0,initial911,0,0,0,0,0,0,0,0,0,0,0,0,0
1,-801726.3078,2383681.505,0,initial912,1,0,0,0,0,0,0,0,0,0,0,0,0
1,-831058.6003,2461971.802,0,initial913,0,0,0,0,0,0,0,0,0,0,0,0,0
1,-743684.4568,2318165.215,0,initial914,1,0,0,0,0,0,0,0,0,0,0,0,0
1,-907761.1731,2431836.013,0,initial915,0,0,0,0,0,0,0,0,0,0,0,0,0
1,-973553.7657,2365009.324,0,initial916,1,0,0,0,0,0,0,0,0,0,0,0,0
1,-926907.7242,2306900.945,0,initial917,0,0,0,0,0,0,0,0,0,0,0,0,0
1,-848135.7423,2234987.896,0,initial918,1,0,0,0,0,0,0,0,0,0,0,0,0
1,-844780.0318,2335281.529,0,initial919,0,0,0,0,0,0,0,0,0,0,0,0,0
1,-859672.2809,2318102.323,0,initial920,1,0,0,0,0,0,0,0,0,0,0,0,0
1,-687108.7334,2316000.26,0,initial921,0,0,0,0,0,0,0,0,0,0,0,0,0
1,-790016.8749,2261468.086,0,initial922,1,0,0,0,0,0,0,0,0,0,0,0,0
1,-947418.5932,2398516.779,0,initial923,0,0,0,0,0,0,0,0,0,0,0,0,0
1,-993247.8041,2338561.94,0,initial924,1,0,0,0,0,0,0,0,0,0,0,0,0
1,-936380.0987,2234099.026,0,initial925,0,0,0,0,0,0,0,0,0,0,0,0,0
1,-904675.4592,2385450.031,0,initial926,1,0,0,0,0,0,0,0,0,0,0,0,0
1,-950130.5265,2339608.549,0,initial927,0,0,0,0,0,0,0,0,0,0,0,0,0
1,-773510.0433,2355926.902,0,initial928,1,0,0,0,0,0,0,0,0,0,0,0,0
1,-755726.916,2317826.584,0,initial929,0,0,0,0,0,0,0,0,0,0,0,0,0
1,-772127.9763,2411205.076,0,initial930,1,0,0,0,0,0,0,0,0,0,0,0,0
1,-1024960.23,2300282.154,0,initial931,0,0,0,0,0,0,0,0,0,0,0,0,0
1,-1024964.624,2327541.996,0,initial932,1,0,0,0,0,0,0,0,0,0,0,0,0
1,-868836.0282,2480556.037,0,initial933,0,0,0,0,0,0,0,0,0,0,0,0,0
1,-760210.706,2365890.986,0,initial934,1,0,0,0,0,0,0,0,0,0,0,0,0
1,-757902.3579,2261740.354,0,initial935,0,0,0,0,0,0,0,0,0,0,0,0,0
1,-864094.5549,2355212.363,0,initial936,1,0,0,0,0,0,0,0,0,0,0,0,0
1,-1022295.684,2203083.337,0,initial937,0,0,0,0,0,0,0,0,0,0,0,0,0
1,-962299.4286,2289095.869,0,initial938,1,0,0,0,0,0,0,0,0,0,0,0,0
1,-903847.9945,2292236.838,0,initial939,0,0,0,0,0,0,0,0,0,0,0,0,0
1,-1005003.481,2312240.676,0,initial940,1,0,0,0,0,0,0,0,0,0,0,0,0
1,-928120.9826,2404280.098,0,initial941,0,0,0,0,0,0,0,0,0,0,0,0,0
1,-883477.2623,2332776.51,0,initial942,1,0,0,0,0,0,0,0,0,0,0,0,0
1,-821745.2472,2381904.439,0,initial943,0,0,0,0,0,0,0,0,0,0,0,0,0
1,-836036.2445,2308572.157,0,initial944,1,0,0,0,0,0,0,0,0,0,0,0,0
1,-805954.4817,2388624.617,0,initial945,0,0,0,0,0,0,0,0,0,0,0,0,0
1,-888199.3967,2428118.797,0,initial946,1,0,0,0,0,0,0,0,0,0,0,0,0
1,-834449.0571,2341089.354,0,initial947,0,0,0,0,0,0,0,0,0,0,0,0,0
1,-908116.0203,2468005.068,0,initial948,1,0,0,0,0,0,0,0,0,0,0,0,0
1,-828246.9519,2470730.643,0,initial949,0,0,0,0,0,0,0,0,0,0,0,0,0
1,-955480.9854,2257615.313,0,initial950,1,0,0,0,0,0,0,0,0,0,0,0,0
1,-802956.1482,2273311.624,0,initial951,0,0,0,0,0,0,0,0,0,0,0,0,0
1,-949749.8785,2443655.33,0,initial952,1,0,0,0,0,0,0,0,0,0,0,0,0
1,-1040317.34,2328481.477,0,initial953,0,0,0,0,0,0,0,0,0,0,0,0,0
1,-758952.8084,2252760.9,0,initial954,1,0,0,0,0,0,0,0,0,0,0,0,0
1,-824334.9776,2463320.543,0,initial955,0,0,0,0,0,0,0,0,0,0,0,0,0
1,-652550.8906,2314294.605,0,initial956,1,0,0,0,0,0,0,0,0,0,0,0,0
1,-809265.5926,2361552.363,0,initial957,0,0,0,0,0,0,0,0,0,0,0,0,0
1,-1056892.304,2332567.926,0,initial958,1,0,0,0,0,0,0,0,0,0,0,0,0
1,-962113.8026,2335079.054,0,initial959,0,0,0,0,0,0,0,0,0,0,0,0,0
1,-843801.1195,2457382.445,0,initial960,1,0,0,0,0,0,0,0,0,0,0,0,0
1,-772578.949,2328745.289,0,initial961,0,0,0,0,0,0,0,0,0,0,0,0,0
1,-732493.7686,2309849.451,0,initial962,1,0,0,0,0,0,0,0,0,0,0,0,0
1,-881747.9038,2292628.471,0,initial963,0,0,0,0,0,0,0,0,0,0,0,0,0
1,-778911.6607,2261199.996,0,initial964,1,0,0,0,0,0,0,0,0,0,0,0,0
1,-1012273.558,2266763.952,0,initial965,0,0,0,0,0,0,0,0,0,0,0,0,0
1,-850455.6902,2368134.341,0,initial966,1,0,0,0,0,0,0,0,0,0,0,0,0
1,-991500.7022,2295440.701,0,initial967,0,0,0,0,0,0,0,0,0,0,0,0,0
1,-902311.3863,2305142.173,0,initial968,1,0,0,0,0,0,0,0,0,0,0,0,0
1,-862001.8845,2446106.812,0,initial969,0,0,0,0,0,0,0,0,0,0,0,0,0
1,-889553.7689,2346400.436,0,initial970,1,0,0,0,0,0,0,0,0,0,0,0,0
1,-978683.9076,2277303.279,0,initial971,0,0,0,0,0,0,0,0,0,0,0,0,0
1,-717319.3564,2348699.584,0,initial972,1,0,0,0,0,0,0,0,0,0,0,0,0
1,-795618.5199,2355470.256,0,initial973,0,0,0,0,0,0,0,0,0,0,0,0,0
1,-645589.3397,2335684.514,0,initial974,1,0,0,0,0,0,0,0,0,0,0,0,0
1,-860118.5277,2361377.532,0,initial975,0,0,0,0,0,0,0,0,0,0,0,0,0
1,-709376.7413,2231343.329,0,initial976,1,0,0,0,0,0,0,0,0,0,0,0,0
1,-862378.3656,2308630.238,0,initial977,0,0,0,0,0,0,0,0,0,0,0,0,0
1,-712046.3079,2331264.189,0,initial978,1,0,0,0,0,0,0,0,0,0,0,0,0
1,-762532.889,2355644.242,0,initial979,0,0,0,0,0,0,0,0,0,0,0,0,0
1,-855409.0073,2383808.695,0,initial980,1,0,0,0,0,0,0,0,0,0,0,0,0
1,-796541.884,2372061.355,0,initial981,0,0,0,0,0,0,0,0,0,0,0,0,0
1,-956807.5486,2355828.042,0,initial982,1,0,0,0,0,0,0,0,0,0,0,0,0
1,-850925.9224,2457589.554,0,initial983,0,0,0,0,0,0,0,0,0,0,0,0,0
1,-660180.6427,2310961.64,0,initial984,1,0,0,0,0,0,0,0,0,0,0,0,0
1,-883145.6837,2450825.226,0,initial985,0,0,0,0,0,0,0,0,0,0,0,0,0
1,-980954.9011,2254645.117,0,initial986,1,0,0,0,0,0,0,0,0,0,0,0,0
1,-914601.8613,2283112.984,0,initial987,0,0,0,0,0,0,0,0,0,0,0,0,0
1,-829281.3808,2257262.208,0,initial988,1,0,0,0,0,0,0,0,0,0,0,0,0
1,-839493.74,2355810.061,0,initial989,0,0,0,0,0,0,0,0,0,0,0,0,0
1,-915453.9153,2493121.799,0,initial990,1,0,0,0,0,0,0,0,0,0,0,0,0
1,-663596.2269,2343330.631,0,initial991,0,0,0,0,0,0,0,0,0,0,0,0,0
1,-889952.2678,2358866.356,0,initial992,1,0,0,0,0,0,0,0,0,0,0,0,0
1,-839820.9575,2452477.016,0,initial993,0,0,0,0,0,0,0,0,0,0,0,0,0
1,-868608.3344,2399218.854,0,initial994,1,0,0,0,0,0,0,0,0,0,0,0,0
1,-847613.6621,2406970.468,0,initial995,0,0,0,0,0,0,0,0,0,0,0,0,0
1,-754184.2418,2277462.691,0,initial996,1,0,0,0,0,0,0,0,0,0,0,0,0
1,-996471.7555,2246747.056,0,initial997,0,0,0,0,0,0,0,0,0,0,0,0,0
1,-910710.8942,2480589.414,0,initial998,1,0,0,0,0,0,0,0,0,0,0,0,0
1,-1027990.375,2320614.484,0,initial999,0,0,0,0,0,0,0,0,0,0,0,0,0
1,-917947.9218,2506692.611,0,initial1000,1,0,0,0,0,0,0,0,0,0,0,0,0
1,-1049414.332,2340382.682,0,initial1001,0,0,0,0,0,0,0,0,0,0,0,0,0
1,-773110.3248,2225892.773,0,initial1002,1,0,0,0,0,0,0,0,0,0,0,0,0
1,-886007.6396,2306742.46,0,initial1003,0,0,0,0,0,0,0,0,0,0,0,0,0
1,-890219.8166,2268341.692,0,initial1004,1,0,0,0,0,0,0,0,0,0,0,0,0
1,-769793.2717,2288218.04,0,initial1005,0,0,0,0,0,0,0,0,0,0,0,0,0
1,-828930.0604,2227071.102,0,initial1006,1,0,0,0,0,0,0,0,0,0,0,0,0
1,-960018.6383,2324976.927,0,initial1007,0,0,0,0,0,0,0,0,0,0,0,0,0
1,-981353.6781,2358112.211,0,initial1008,1,0,0,0,0,0,0,0,0,0,0,0,0
1,-928732.7473,2274001.464,0,initial1009,0,0,0,0,0,0,0,0,0,0,0,0,0
1,-738243.3858,2361942.786,0,initial1010,1,0,0,0,0,0,0,0,0,0,0,0,0
1,-927179.215,2397162.149,0,initial1011,0,0,0,0,0,0,0,0,0,0,0,0,0
1,-868040.6281,2318647.843,0,initial1012,1,0,0,0,0,0,0,0,0,0,0,0,0
1,-833787.6923,2379602.846,0,initial1013,0,0,0,0,0,0,0,0,0,0,0,0,0
1,-971498.5663,2430839.188,0,initial1014,1,0,0,0,0,0,0,0,0,0,0,0,0
1,-820292.4585,2209718.236,0,initial1015,0,0,0,0,0,0,0,0,0,0,0,0,0
1,-822975.1665,2348763.575,0,initial1016,1,0,0,0,0,0,0,0,0,0,0,0,0
1,-709936.9257,2300530.84,0,initial1017,0,0,0,0,0,0,0,0,0,0,0,0,0
1,-873477.3341,2301152.487,0,initial1018,1,0,0,0,0,0,0,0,0,0,0,0,0
1,-799280.5334,2245682.16,0,initial1019,0,0,0,0,0,0,0,0,0,0,0,0,0
1,-750052.0391,2281991.094,0,initial1020,1,0,0,0,0,0,0,0,0,0,0,0,0
1,-869289.8078,2496074.137,0,initial1021,0,0,0,0,0,0,0,0,0,0,0,0,0
1,-765578.5172,2338484.213,0,initial1022,1,0,0,0,0,0,0,0,0,0,0,0,0
1,-1029674.29,2342485.105,0,initial1023,0,0,0,0,0,0,0,0,0,0,0,0,0
1,-905405.5478,2391784.285,0,initial1024,1,0,0,0,0,0,0,0,0,0,0,0,0
1,-963295.1347,2347575.956,0,initial1025,0,0,0,0,0,0,0,0,0,0,0,0,0
1,-973589.7162,2229725.705,0,initial1026,1,0,0,0,0,0,0,0,0,0,0,0,0
1,-826304.1307,2213060.389,0,initial1027,0,0,0,0,0,0,0,0,0,0,0,0,0
1,-946926.1956,2240319.982,0,initial1028,1,0,0,0,0,0,0,0,0,0,0,0,0
1,-704211.2818,2309230.841,0,initial1029,0,0,0,0,0,0,0,0,0,0,0,0,0
1,-814639.1638,2275482.237,0,initial1030,1,0,0,0,0,0,0,0,0,0,0,0,0
1,-770755.9542,2373415.501,0,initial1031,0,0,0,0,0,0,0,0,0,0,0,0,0
1,-743404.9766,2335232.929,0,initial1032,1,0,0,0,0,0,0,0,0,0,0,0,0
1,-846755.0275,2279831.331,0,initial1033,0,0,0,0,0,0,0,0,0,0,0,0,0
1,-779842.2831,2412434.885,0,initial1034,1,0,0,0,0,0,0,0,0,0,0,0,0
1,-745674.8039,2261463.053,0,initial1035,0,0,0,0,0,0,0,0,0,0,0,0,0
1,-817607.7808,2219766.846,0,initial1036,1,0,0,0,0,0,0,0,0,0,0,0,0
1,-719262.7511,2234490.985,0,initial1037,0,0,0,0,0,0,0,0,0,0,0,0,0
1,-939870.3978,2251866.62,0,initial1038,1,0,0,0,0,0,0,0,0,0,0,0,0
1,-630532.9103,2338250.933,0,initial1039,0,0,0,0,0,0,0,0,0,0,0,0,0
1,-830399.6968,2272526.719,0,initial1040,1,0,0,0,0,0,0,0,0,0,0,0,0
1,-971522.4521,2352796.543,0,initial1041,0,0,0,0,0,0,0,0,0,0,0,0,0
1,-785661.2744,2378582.609,0,initial1042,1,0,0,0,0,0,0,0,0,0,0,0,0
1,-936960.8752,2289609.808,0,initial1043,0,0,0,0,0,0,0,0,0,0,0,0,0
1,-788839.5774,2399365.352,0,initial1044,1,0,0,0,0,0,0,0,0,0,0,0,0
1,-913470.0726,2403451.511,0,initial1045,0,0,0,0,0,0,0,0,0,0,0,0,0
1,-754826.653,2243810.957,0,initial1046,1,0,0,0,0,0,0,0,0,0,0,0,0
1,-749763.442,2357062.465,0,initial1047,0,0,0,0,0,0,0,0,0,0,0,0,0
1,-931492.5393,2473014.001,0,initial1048,1,0,0,0,0,0,0,0,0,0,0,0,0
1,-876268.2706,2238535.939,0,initial1049,0,0,0,0,0,0,0,0,0,0,0,0,0
1,-931213.9383,2343058.289,0,initial1050,1,0,0,0,0,0,0,0,0,0,0,0,0
1,-920950.437,2411451.744,0,initial1051,0,0,0,0,0,0,0,0,0,0,0,0,0
1,-908389.4741,2496433.78,0,initial1052,1,0,0,0,0,0,0,0,0,0,0,0,0
1,-858177.5485,2326673.567,0,initial1053,0,0,0,0,0,0,0,0,0,0,0,0,0
1,-952946.6207,2407464.922,0,initial1054,1,0,0,0,0,0,0,0,0,0,0,0,0
1,-640184.5932,2352718.731,0,initial1055,0,0,0,0,0,0,0,0,0,0,0,0,0
1,-903312.0436,2461291.146,0,initial1056,1,0,0,0,0,0,0,0,0,0,0,0,0
1,-788555.5651,2392652.938,0,initial1057,0,0,0,0,0,0,0,0,0,0,0,0,0
1,-823895.7859,2284223.857,0,initial1058,1,0,0,0,0,0,0,0,0,0,0,0,0
1,-707526.6287,2337521.793,0,initial1059,0,0,0,0,0,0,0,0,0,0,0,0,0
1,-844981.214,2246922.985,0,initial1060,1,0,0,0,0,0,0,0,0,0,0,0,0
1,-860026.1585,2512169.053,0,initial1061,0,0,0,0,0,0,0,0,0,0,0,0,0
1,-999665.2343,2229668.803,0,initial1062,1,0,0,0,0,0,0,0,0,0,0,0,0
1,-968847.9609,2291290.547,0,initial1063,0,0,0,0,0,0,0,0,0,0,0,0,0
1,-977525.9061,2377521.094,0,initial1064,1,0,0,0,0,0,0,0,0,0,0,0,0
1,-879169.2204,2280309.702,0,initial1065,0,0,0,0,0,0,0,0,0,0,0,0,0
1,-722041.429,2314089.542,0,initial1066,1,0,0,0,0,0,0,0,0,0,0,0,0
1,-934149.197,2282776.433,0,initial1067,0,0,0,0,0,0,0,0,0,0,0,0,0
1,-724029.77,2249267.73,0,initial1068,1,0,0,0,0,0,0,0,0,0,0,0,0
1,-748340.5506,2372131.87,0,initial1069,0,0,0,0,0,0,0,0,0,0,0,0,0
1,-906564.4307,2257672.955,0,initial1070,1,0,0,0,0,0,0,0,0,0,0,0,0
1,-785917.5249,2344645.455,0,initial1071,0,0,0,0,0,0,0,0,0,0,0,0,0
1,-841515.056,2301408.498,0,initial1072,1,0,0,0,0,0,0,0,0,0,0,0,0
1,-752518.2552,2223543.195,0,initial1073,0,0,0,0,0,0,0,0,0,0,0,0,0
1,-932163.0249,2358039.28,0,initial1074,1,0,0,0,0,0,0,0,0,0,0,0,0
1,-732704.0239,2260300.47,0,initial1075,0,0,0,0,0,0,0,0,0,0,0,0,0
1,-907273.0656,2502491.388,0,initial1076,1,0,0,0,0,0,0,0,0,0,0,0,0
1,-826582.5586,2278030.292,0,initial1077,0,0,0,0,0,0,0,0,0,0,0,0,0
1,-855153.3739,2234444.842,0,initial1078,1,0,0,0,0,0,0,0,0,0,0,0,0
1,-782946.184,2235716.911,0,initial1079,0,0,0,0,0,0,0,0,0,0,0,0,0
1,-647430.9813,2342296.193,0,initial1080,1,0,0,0,0,0,0,0,0,0,0,0,0
1,-934193.6621,2312641.382,0,initial1081,0,0,0,0,0,0,0,0,0,0,0,0,0
1,-927600.337,2245045.257,0,initial1082,1,0,0,0,0,0,0,0,0,0,0,0,0
1,-766165.8068,2311098.654,0,initial1083,0,0,0,0,0,0,0,0,0,0,0,0,0
1,-946875.3204,2324979.786,0,initial1084,1,0,0,0,0,0,0,0,0,0,0,0,0
1,-809131.9451,2293089.473,0,initial1085,0,0,0,0,0,0,0,0,0,0,0,0,0
1,-873622.3338,2369151.521,0,initial1086,1,0,0,0,0,0,0,0,0,0,0,0,0
1,-897954.7614,2360027.38,0,initial1087,0,0,0,0,0,0,0,0,0,0,0,0,0
1,-1023566.99,2350277.393,0,initial1088,1,0,0,0,0,0,0,0,0,0,0,0,0
1,-936890.7906,2345689.886,0,initial1089,0,0,0,0,0,0,0,0,0,0,0,0,0
1,-869068.2653,2254014.735,0,initial1090,1,0,0,0,0,0,0,0,0,0,0,0,0
1,-836456.4893,2286383.849,0,initial1091,0,0,0,0,0,0,0,0,0,0,0,0,0
1,-775388.3395,2397933.358,0,initial1092,1,0,0,0,0,0,0,0,0,0,0,0,0
1,-1021134.994,2333663.606,0,initial1093,0,0,0,0,0,0,0,0,0,0,0,0,0
1,-911403.4538,2242569.622,0,initial1094,1,0,0,0,0,0,0,0,0,0,0,0,0
1,-979429.6208,2297922.023,0,initial1095,0,0,0,0,0,0,0,0,0,0,0,0,0
1,-1010186.997,2281019.51,0,initial1096,1,0,0,0,0,0,0,0,0,0,0,0,0
1,-922381.4553,2355238.313,0,initial1097,0,0,0,0,0,0,0,0,0,0,0,0,0
1,-1011960.647,2343740.314,0,initial1098,1,0,0,0,0,0,0,0,0,0,0,0,0
1,-911968.6096,2513474.814,0,initial1099,0,0,0,0,0,0,0,0,0,0,0,0,0
1,-761252.6,2277436.934,0,initial1100,1,0,0,0,0,0,0,0,0,0,0,0,0
1,-888125.5804,2338770.074,0,initial1101,0,0,0,0,0,0,0,0,0,0,0,0,0
1,-745183.1125,2254315.253,0,initial1102,1,0,0,0,0,0,0,0,0,0,0,0,0
1,-834499.7602,2469911.347,0,initial1103,0,0,0,0,0,0,0,0,0,0,0,0,0
1,-882447.3137,2242215.316,0,initial1104,1,0,0,0,0,0,0,0,0,0,0,0,0
1,-906123.2173,2448460.146,0,initial1105,0,0,0,0,0,0,0,0,0,0,0,0,0
1,-1013974.589,2246198.262,0,initial1106,1,0,0,0,0,0,0,0,0,0,0,0,0
1,-839526.63,2426611.26,0,initial1107,0,0,0,0,0,0,0,0,0,0,0,0,0
1,-672431.6446,2320164.839,0,initial1108,1,0,0,0,0,0,0,0,0,0,0,0,0
1,-913712.0475,2267899.241,0,initial1109,0,0,0,0,0,0,0,0,0,0,0,0,0
1,-875328.5629,2267555.102,0,initial1110,1,0,0,0,0,0,0,0,0,0,0,0,0
1,-928789.8866,2456595.288,0,initial1111,0,0,0,0,0,0,0,0,0,0,0,0,0
1,-934531.4224,2265052.929,0,initial1112,1,0,0,0,0,0,0,0,0,0,0,0,0
1,-959209.19,2395295.582,0,initial1113,0,0,0,0,0,0,0,0,0,0,0,0,0
1,-636720.2035,2331068.698,0,initial1114,1,0,0,0,0,0,0,0,0,0,0,0,0
1,-874571.9724,2226640.628,0,initial1115,0,0,0,0,0,0,0,0,0,0,0,0,0
1,-808325.0872,2238622.579,0,initial1116,1,0,0,0,0,0,0,0,0,0,0,0,0
1,-797919.7449,2268207.653,0,initial1117,0,0,0,0,0,0,0,0,0,0,0,0,0
1,-839129.9636,2434638.625,0,initial1118,1,0,0,0,0,0,0,0,0,0,0,0,0
1,-785047.5938,2405361.013,0,initial1119,0,0,0,0,0,0,0,0,0,0,0,0,0
1,-811459.3759,2218755.979,0,initial1120,1,0,0,0,0,0,0,0,0,0,0,0,0
1,-758786.4398,2340907.156,0,initial1121,0,0,0,0,0,0,0,0,0,0,0,0,0
1,-845110.7447,2374511.958,0,initial1122,1,0,0,0,0,0,0,0,0,0,0,0,0
1,-869712.9228,2328200.485,0,initial1123,0,0,0,0,0,0,0,0,0,0,0,0,0
1,-862333.5736,2479687.826,0,initial1124,1,0,0,0,0,0,0,0,0,0,0,0,0
1,-958155.0024,2342653.181,0,initial1125,0,0,0,0,0,0,0,0,0,0,0,0,0
1,-932486.0202,2249187.082,0,initial1126,1,0,0,0,0,0,0,0,0,0,0,0,0
1,-977995.1548,2412547.08,0,initial1127,0,0,0,0,0,0,0,0,0,0,0,0,0
1,-979678.7349,2262157.14,0,initial1128,1,0,0,0,0,0,0,0,0,0,0,0,0
1,-921066.9377,2232298.121,0,initial1129,0,0,0,0,0,0,0,0,0,0,0,0,0
1,-912961.1775,2289437.476,0,initial1130,1,0,0,0,0,0,0,0,0,0,0,0,0
1,-780558.9676,2382820.552,0,initial1131,0,0,0,0,0,0,0,0,0,0,0,0,0
1,-1006678.229,2209890.711,0,initial1132,1,0,0,0,0,0,0,0,0,0,0,0,0
1,-694258.6569,2298363.205,0,initial1133,0,0,0,0,0,0,0,0,0,0,0,0,0
1,-738751.6285,2308639.669,0,initial1134,1,0,0,0,0,0,0,0,0,0,0,0,0
1,-1025469.787,2251674.785,0,initial1135,0,0,0,0,0,0,0,0,0,0,0,0,0
1,-863819.9054,2331888.881,0,initial1136,1,0,0,0,0,0,0,0,0,0,0,0,0
1,-880628.5974,2352142.021,0,initial1137,0,0,0,0,0,0,0,0,0,0,0,0,0
1,-646677.0901,2355188.377,0,initial1138,1,0,0,0,0,0,0,0,0,0,0,0,0
1,-968637.3926,2411921.061,0,initial1139,0,0,0,0,0,0,0,0,0,0,0,0,0
1,-759517.8069,2396456.71,0,initial1140,1,0,0,0,0,0,0,0,0,0,0,0,0
1,-790090.3685,2365249.947,0,initial1141,0,0,0,0,0,0,0,0,0,0,0,0,0
1,-777721.6556,2348476.294,0,initial1142,1,0,0,0,0,0,0,0,0,0,0,0,0
1,-758242.1442,2231286.687,0,initial1143,0,0,0,0,0,0,0,0,0,0,0,0,0
1,-912252.9656,2361027.936,0,initial1144,1,0,0,0,0,0,0,0,0,0,0,0,0
1,-953274.7792,2271350.035,0,initial1145,0,0,0,0,0,0,0,0,0,0,0,0,0
1,-927947.1754,2253327.824,0,initial1146,1,0,0,0,0,0,0,0,0,0,0,0,0
1,-777619.7886,2406425.67,0,initial1147,0,0,0,0,0,0,0,0,0,0,0,0,0
1,-778151.3646,2267426.731,0,initial1148,1,0,0,0,0,0,0,0,0,0,0,0,0
1,-913656.642,2314769.866,0,initial1149,0,0,0,0,0,0,0,0,0,0,0,0,0
1,-889750.457,2370296.459,0,initial1150,1,0,0,0,0,0,0,0,0,0,0,0,0
1,-638388.3191,2324581.757,0,initial1151,0,0,0,0,0,0,0,0,0,0,0,0,0
1,-959256.9915,2234328.204,0,initial1152,1,0,0,0,0,0,0,0,0,0,0,0,0
1,-841251.325,2321829.364,0,initial1153,0,0,0,0,0,0,0,0,0,0,0,0,0
1,-810405.4631,2337878.626,0,initial1154,1,0,0,0,0,0,0,0,0,0,0,0,0
1,-840134.038,2251420.593,0,initial1155,0,0,0,0,0,0,0,0,0,0,0,0,0
1,-996166.3011,2289189.94,0,initial1156,1,0,0,0,0,0,0,0,0,0,0,0,0
1,-776890.1185,2306241.419,0,initial1157,0,0,0,0,0,0,0,0,0,0,0,0,0
1,-928108.6138,2439997.002,0,initial1158,1,0,0,0,0,0,0,0,0,0,0,0,0
1,-766504.0855,2274051.781,0,initial1159,0,0,0,0,0,0,0,0,0,0,0,0,0
1,-878217.6113,2434798.162,0,initial1160,1,0,0,0,0,0,0,0,0,0,0,0,0
1,-828436.2127,2331395.931,0,initial1161,0,0,0,0,0,0,0,0,0,0,0,0,0
1,-960281.9913,2283240.866,0,initial1162,1,0,0,0,0,0,0,0,0,0,0,0,0
1,-1026013.064,2224067.818,0,initial1163,0,0,0,0,0,0,0,0,0,0,0,0,0
1,-891338.7257,2383853.649,0,initial1164,1,0,0,0,0,0,0,0,0,0,0,0,0
1,-820123.3541,2362068.61,0,initial1165,0,0,0,0,0,0,0,0,0,0,0,0,0
1,-956144.2843,2430945.901,0,initial1166,1,0,0,0,0,0,0,0,0,0,0,0,0
1,-732279.8462,2324761.51,0,initial1167,0,0,0,0,0,0,0,0,0,0,0,0,0
1,-828286.9386,2345095.869,0,initial1168,1,0,0,0,0,0,0,0,0,0,0,0,0
1,-904370.8906,2326594.856,0,initial1169,0,0,0,0,0,0,0,0,0,0,0,0,0
1,-899673.2655,2274968.504,0,initial1170,1,0,0,0,0,0,0,0,0,0,0,0,0
1,-687444.1603,2349105.156,0,initial1171,0,0,0,0,0,0,0,0,0,0,0,0,0
1,-780681.1052,2223390.486,0,initial1172,1,0,0,0,0,0,0,0,0,0,0,0,0
1,-734053.2025,2374917.702,0,initial1173,0,0,0,0,0,0,0,0,0,0,0,0,0
1,-944541.4391,2384546.387,0,initial1174,1,0,0,0,0,0,0,0,0,0,0,0,0
1,-809310.2583,2449814.443,0,initial1175,0,0,0,0,0,0,0,0,0,0,0,0,0
1,-710188.0175,2316298.334,0,initial1176,1,0,0,0,0,0,0,0,0,0,0,0,0
1,-822811.1845,2405413.241,0,initial1177,0,0,0,0,0,0,0,0,0,0,0,0,0
1,-751221.1947,2236917.245,0,initial1178,1,0,0,0,0,0,0,0,0,0,0,0,0
1,-846116.6544,2474483.743,0,initial1179,0,0,0,0,0,0,0,0,0,0,0,0,0
1,-827082.5533,2251584.911,0,initial1180,1,0,0,0,0,0,0,0,0,0,0,0,0
1,-869537.6245,2408570.367,0,initial1181,0,0,0,0,0,0,0,0,0,0,0,0,0
1,-874425.9622,2487015.521,0,initial1182,1,0,0,0,0,0,0,0,0,0,0,0,0
1,-870165.9337,2450103.222,0,initial1183,0,0,0,0,0,0,0,0,0,0,0,0,0
1,-695067.6602,2336736.834,0,initial1184,1,0,0,0,0,0,0,0,0,0,0,0,0
1,-942222.8805,2419789.017,0,initial1185,0,0,0,0,0,0,0,0,0,0,0,0,0
1,-856123.4167,2491617.583,0,initial1186,1,0,0,0,0,0,0,0,0,0,0,0,0
1,-723329.3454,2356872.785,0,initial1187,0,0,0,0,0,0,0,0,0,0,0,0,0
1,-815822.3151,2232453.785,0,initial1188,1,0,0,0,0,0,0,0,0,0,0,0,0
1,-871396.566,2505435.224,0,initial1189,0,0,0,0,0,0,0,0,0,0,0,0,0
1,-820962.1081,2399333.449,0,initial1190,1,0,0,0,0,0,0,0,0,0,0,0,0
1,-963031.5079,2430454.278,0,initial1191,0,0,0,0,0,0,0,0,0,0,0,0,0
1,-770786.6158,2305286.169,0,initial1192,1,0,0,0,0,0,0,0,0,0,0,0,0
1,-921162.3902,2377331.523,0,initial1193,0,0,0,0,0,0,0,0,0,0,0,0,0
1,-770809.5536,2254305.272,0,initial1194,1,0,0,0,0,0,0,0,0,0,0,0,0
1,-1018559.167,2262505.109,0,initial1195,0,0,0,0,0,0,0,0,0,0,0,0,0
1,-1020812.937,2242046.759,0,initial1196,1,0,0,0,0,0,0,0,0,0,0,0,0
1,-866647.8713,2378476.86,0,initial1197,0,0,0,0,0,0,0,0,0,0,0,0,0
1,-1006141.753,2229182.162,0,initial1198,1,0,0,0,0,0,0,0,0,0,0,0,0
1,-820569.2152,2244451.483,0,initial1199,0,0,0,0,0,0,0,0,0,0,0,0,0
1,-987039.5787,2319130.768,0,initial1200,1,0,0,0,0,0,0,0,0,0,0,0,0
1,-913266.6587,2471939.701,0,initial1201,0,0,0,0,0,0,0,0,0,0,0,0,0
1,-798370.8662,2278271.668,0,initial1202,1,0,0,0,0,0,0,0,0,0,0,0,0
1,-773419.6735,2232303.923,0,initial1203,0,0,0,0,0,0,0,0,0,0,0,0,0
1,-1039158.245,2350781.204,0,initial1204,1,0,0,0,0,0,0,0,0,0,0,0,0
1,-1036879.393,2294649.598,0,initial1205,0,0,0,0,0,0,0,0,0,0,0,0,0
1,-936492.6775,2436173.388,0,initial1206,1,0,0,0,0,0,0,0,0,0,0,0,0
1,-955763.8392,2308504.815,0,initial1207,0,0,0,0,0,0,0,0,0,0,0,0,0
1,-988231.416,2330166.492,0,initial1208,1,0,0,0,0,0,0,0,0,0,0,0,0
1,-854990.9934,2280871.729,0,initial1209,0,0,0,0,0,0,0,0,0,0,0,0,0
1,-704953.4628,2360575.765,0,initial1210,1,0,0,0,0,0,0,0,0,0,0,0,0
1,-839516.0586,2412581.559,0,initial1211,0,0,0,0,0,0,0,0,0,0,0,0,0
1,-952968.9012,2393964.812,0,initial1212,1,0,0,0,0,0,0,0,0,0,0,0,0
1,-952165.5638,2243630.502,0,initial1213,0,0,0,0,0,0,0,0,0,0,0,0,0
1,-807670.2889,2326268.431,0,initial1214,1,0,0,0,0,0,0,0,0,0,0,0,0
1,-933320.9607,2428030.711,0,initial1215,0,0,0,0,0,0,0,0,0,0,0,0,0
1,-809737.3247,2457084.698,0,initial1216,1,0,0,0,0,0,0,0,0,0,0,0,0
1,-985988.947,2372074.901,0,initial1217,0,0,0,0,0,0,0,0,0,0,0,0,0
1,-976681.5875,2321800.873,0,initial1218,1,0,0,0,0,0,0,0,0,0,0,0,0
1,-941518.9681,2303618.056,0,initial1219,0,0,0,0,0,0,0,0,0,0,0,0,0
1,-783592.2876,2250735.604,0,initial1220,1,0,0,0,0,0,0,0,0,0,0,0,0
1,-860652.9953,2341916.165,0,initial1221,0,0,0,0,0,0,0,0,0,0,0,0,0
1,-872993.2295,2519952.068,0,initial1222,1,0,0,0,0,0,0,0,0,0,0,0,0
1,-897942.8455,2323113.354,0,initial1223,0,0,0,0,0,0,0,0,0,0,0,0,0
1,-909400.1992,2301958.325,0,initial1224,1,0,0,0,0,0,0,0,0,0,0,0,0
1,-790483.9668,2310384.484,0,initial1225,0,0,0,0,0,0,0,0,0,0,0,0,0
1,-721488.5817,2384365.755,0,initial1226,1,0,0,0,0,0,0,0,0,0,0,0,0
1,-792380.3473,2334021.125,0,initial1227,0,0,0,0,0,0,0,0,0,0,0,0,0
1,-964673.687,2278843.606,0,initial1228,1,0,0,0,0,0,0,0,0,0,0,0,0
1,-972617.9871,2279533.377,0,initial1229,0,0,0,0,0,0,0,0,0,0,0,0,0
1,-822063.935,2333249.185,0,initial1230,1,0,0,0,0,0,0,0,0,0,0,0,0
1,-702625.0804,2323063.064,0,initial1231,0,0,0,0,0,0,0,0,0,0,0,0,0
1,-830411.5417,2402788.217,0,initial1232,1,0,0,0,0,0,0,0,0,0,0,0,0
1,-955496.141,2446386.903,0,initial1233,0,0,0,0,0,0,0,0,0,0,0,0,0
1,-974790.9602,2358398.014,0,initial1234,1,0,0,0,0,0,0,0,0,0,0,0,0
1,-985642.3538,2282015.84,0,initial1235,0,0,0,0,0,0,0,0,0,0,0,0,0
1,-797915.0574,2337510.446,0,initial1236,1,0,0,0,0,0,0,0,0,0,0,0,0
1,-998426.6067,2270213.407,0,initial1237,0,0,0,0,0,0,0,0,0,0,0,0,0
1,-799287.7558,2399916.076,0,initial1238,1,0,0,0,0,0,0,0,0,0,0,0,0
1,-975261.8325,2404487.028,0,initial1239,0,0,0,0,0,0,0,0,0,0,0,0,0
1,-869360.1003,2287452.967,0,initial1240,1,0,0,0,0,0,0,0,0,0,0,0,0
1,-997395.9666,2378737.385,0,initial1241,0,0,0,0,0,0,0,0,0,0,0,0,0
1,-902265.1246,2355611.766,0,initial1242,1,0,0,0,0,0,0,0,0,0,0,0,0
1,-940640.1184,2327955.445,0,initial1243,0,0,0,0,0,0,0,0,0,0,0,0,0
1,-1010515.576,2333641.425,0,initial1244,1,0,0,0,0,0,0,0,0,0,0,0,0
1,-648908.2725,2321192.866,0,initial1245,0,0,0,0,0,0,0,0,0,0,0,0,0
1,-699054.9405,2239717.324,0,initial1246,1,0,0,0,0,0,0,0,0,0,0,0,0
1,-1001847.488,2351086.74,0,initial1247,0,0,0,0,0,0,0,0,0,0,0,0,0
1,-905660.6191,2508542.759,0,initial1248,1,0,0,0,0,0,0,0,0,0,0,0,0
1,-941470.5958,2370248.25,0,initial1249,0,0,0,0,0,0,0,0,0,0,0,0,0
1,-670128.7407,2332673.544,0,initial1250,1,0,0,0,0,0,0,0,0,0,0,0,0
1,-857942.8244,2450970.923,0,initial1251,0,0,0,0,0,0,0,0,0,0,0,0,0
1,-830980.9591,2367825.286,0,initial1252,1,0,0,0,0,0,0,0,0,0,0,0,0
1,-830452.093,2288594.589,0,initial1253,0,0,0,0,0,0,0,0,0,0,0,0,0
1,-729572.858,2337206.35,0,initial1254,1,0,0,0,0,0,0,0,0,0,0,0,0
1,-1003531.215,2287224.331,0,initial1255,0,0,0,0,0,0,0,0,0,0,0,0,0
1,-824414.4767,2421723.738,0,initial1256,1,0,0,0,0,0,0,0,0,0,0,0,0
1,-816195.3484,2461247.063,0,initial1257,0,0,0,0,0,0,0,0,0,0,0,0,0
1,-731263.653,2249286.562,0,initial1258,1,0,0,0,0,0,0,0,0,0,0,0,0
1,-885006.7826,2300613.704,0,initial1259,0,0,0,0,0,0,0,0,0,0,0,0,0
1,-853484.5934,2322617.024,0,initial1260,1,0,0,0,0,0,0,0,0,0,0,0,0
1,-1019626.753,2312094.028,0,initial1261,0,0,0,0,0,0,0,0,0,0,0,0,0
1,-784368.753,2322036.75,0,initial1262,1,0,0,0,0,0,0,0,0,0,0,0,0
1,-1031248.867,2237284.543,0,initial1263,0,0,0,0,0,0,0,0,0,0,0,0,0
1,-975772.2203,2338392.842,0,initial1264,1,0,0,0,0,0,0,0,0,0,0,0,0
1,-1008972.307,2242621.285,0,initial1265,0,0,0,0,0,0,0,0,0,0,0,0,0
1,-831844.8877,2432536.504,0,initial1266,1,0,0,0,0,0,0,0,0,0,0,0,0
1,-889717.9092,2452708.505,0,initial1267,0,0,0,0,0,0,0,0,0,0,0,0,0
1,-914598.0673,2431046.131,0,initial1268,1,0,0,0,0,0,0,0,0,0,0,0,0
1,-703511.3881,2349510.902,0,initial1269,0,0,0,0,0,0,0,0,0,0,0,0,0
1,-712206.4518,2380315.815,0,initial1270,1,0,0,0,0,0,0,0,0,0,0,0,0
1,-894897.8667,2312102.159,0,initial1271,0,0,0,0,0,0,0,0,0,0,0,0,0
1,-977458.48,2216411.448,0,initial1272,1,0,0,0,0,0,0,0,0,0,0,0,0
1,-798712.4915,2378259.922,0,initial1273,0,0,0,0,0,0,0,0,0,0,0,0,0
1,-877534.324,2471800.258,0,initial1274,1,0,0,0,0,0,0,0,0,0,0,0,0
1,-925446.9419,2481874.546,0,initial1275,0,0,0,0,0,0,0,0,0,0,0,0,0
1,-1011312.533,2274433.889,0,initial1276,1,0,0,0,0,0,0,0,0,0,0,0,0
1,-818789.7756,2467114.695,0,initial1277,0,0,0,0,0,0,0,0,0,0,0,0,0
1,-813295.3246,2399677.616,0,initial1278,1,0,0,0,0,0,0,0,0,0,0,0,0
1,-945685.7884,2450153.021,0,initial1279,0,0,0,0,0,0,0,0,0,0,0,0,0
1,-894423.8405,2239478.715,0,initial1280,1,0,0,0,0,0,0,0,0,0,0,0,0
1,-1018405.051,2233852.208,0,initial1281,0,0,0,0,0,0,0,0,0,0,0,0,0
1,-829527.8677,2219711.899,0,initial1282,1,0,0,0,0,0,0,0,0,0,0,0,0
1,-827654.5823,2263279.352,0,initial1283,0,0,0,0,0,0,0,0,0,0,0,0,0
1,-803799.5223,2455458.977,0,initial1284,1,0,0,0,0,0,0,0,0,0,0,0,0
1,-920213.0208,2499327.936,0,initial1285,0,0,0,0,0,0,0,0,0,0,0,0,0
1,-944805.5303,2357663.402,0,initial1286,1,0,0,0,0,0,0,0,0,0,0,0,0
1,-677737.512,2343813.677,0,initial1287,0,0,0,0,0,0,0,0,0,0,0,0,0
1,-722638.8532,2372003.698,0,initial1288,1,0,0,0,0,0,0,0,0,0,0,0,0
1,-952815.2015,2295877.516,0,initial1289,0,0,0,0,0,0,0,0,0,0,0,0,0
1,-1004094.638,2255692.024,0,initial1290,1,0,0,0,0,0,0,0,0,0,0,0,0
1,-773050.597,2293813.322,0,initial1291,0,0,0,0,0,0,0,0,0,0,0,0,0
1,-715191.0676,2371803.949,0,initial1292,1,0,0,0,0,0,0,0,0,0,0,0,0
1,-1000021.655,2331034.829,0,initial1293,0,0,0,0,0,0,0,0,0,0,0,0,0
1,-820117.6569,2272634.031,0,initial1294,1,0,0,0,0,0,0,0,0,0,0,0,0
1,-793997.7436,2238507.683,0,initial1295,0,0,0,0,0,0,0,0,0,0,0,0,0
1,-756041.3224,2289427.783,0,initial1296,1,0,0,0,0,0,0,0,0,0,0,0,0
1,-997329.059,2371424.45,0,initial1297,0,0,0,0,0,0,0,0,0,0,0,0,0
1,-809354.0415,2314292.036,0,initial1298,1,0,0,0,0,0,0,0,0,0,0,0,0
1,-914885.1248,2298622.417,0,initial1299,0,0,0,0,0,0,0,0,0,0,0,0,0
1,-1034804.859,2333335.985,0,initial1300,1,0,0,0,0,0,0,0,0,0,0,0,0
1,-872318.578,2341718.324,0,initial1301,0,0,0,0,0,0,0,0,0,0,0,0,0
1,-834167.5089,2244801.168,0,initial1302,1,0,0,0,0,0,0,0,0,0,0,0,0
1,-898866.5318,2444172.552,0,initial1303,0,0,0,0,0,0,0,0,0,0,0,0,0
1,-937650.4924,2270440.599,0,initial1304,1,0,0,0,0,0,0,0,0,0,0,0,0
1,-917512.9431,2258659.576,0,initial1305,0,0,0,0,0,0,0,0,0,0,0,0,0
1,-841798.1837,2329116.95,0,initial1306,1,0,0,0,0,0,0,0,0,0,0,0,0
1,-1011966.554,2305754.855,0,initial1307,0,0,0,0,0,0,0,0,0,0,0,0,0
1,-730220.4039,2330640.675,0,initial1308,1,0,0,0,0,0,0,0,0,0,0,0,0
1,-841262.0324,2462961.783,0,initial1309,0,0,0,0,0,0,0,0,0,0,0,0,0
1,-852299.7057,2418623.963,0,initial1310,1,0,0,0,0,0,0,0,0,0,0,0,0
1,-783865.3915,2388649.078,0,initial1311,0,0,0,0,0,0,0,0,0,0,0,0,0
1,-746564.9699,2232681.663,0,initial1312,1,0,0,0,0,0,0,0,0,0,0,0,0
1,-936413.7863,2414295.179,0,initial1313,0,0,0,0,0,0,0,0,0,0,0,0,0
1,-852961.952,2264878.991,0,initial1314,1,0,0,0,0,0,0,0,0,0,0,0,0
1,-936353.6934,2468896.674,0,initial1315,0,0,0,0,0,0,0,0,0,0,0,0,0
1,-813835.8866,2247991.185,0,initial1316,1,0,0,0,0,0,0,0,0,0,0,0,0
1,-765839.4932,2369854.067,0,initial1317,0,0,0,0,0,0,0,0,0,0,0,0,0
1,-1045330.528,2332300.515,0,initial1318,1,0,0,0,0,0,0,0,0,0,0,0,0
1,-930004.2419,2259710.221,0,initial1319,0,0,0,0,0,0,0,0,0,0,0,0,0
1,-784951.0514,2257773.004,0,initial1320,1,0,0,0,0,0,0,0,0,0,0,0,0
1,-844006.0936,2274339.534,0,initial1321,0,0,0,0,0,0,0,0,0,0,0,0,0
1,-761670.2184,2218538.192,0,initial1322,1,0,0,0,0,0,0,0,0,0,0,0,0
1,-784242.2511,2360327.243,0,initial1323,0,0,0,0,0,0,0,0,0,0,0,0,0
1,-835364.0571,2227283.32,0,initial1324,1,0,0,0,0,0,0,0,0,0,0,0,0
1,-666358.6901,2308878.312,0,initial1325,0,0,0,0,0,0,0,0,0,0,0,0,0
1,-911556.6505,2456094.272,0,initial1326,1,0,0,0,0,0,0,0,0,0,0,0,0
1,-1012416.417,2219797.552,0,initial1327,0,0,0,0,0,0,0,0,0,0,0,0,0
1,-748940.2887,2321466.245,0,initial1328,1,0,0,0,0,0,0,0,0,0,0,0,0
1,-715234.9175,2304378.362,0,initial1329,0,0,0,0,0,0,0,0,0,0,0,0,0
1,-896238.533,2269895.554,0,initial1330,1,0,0,0,0,0,0,0,0,0,0,0,0
1,-887631.845,2468353.168,0,initial1331,0,0,0,0,0,0,0,0,0,0,0,0,0
1,-753505.3454,2382512.895,0,initial1332,1,0,0,0,0,0,0,0,0,0,0,0,0
1,-820614.6065,2372092.645,0,initial1333,0,0,0,0,0,0,0,0,0,0,0,0,0
1,-679662.3888,2332794.02,0,initial1334,1,0,0,0,0,0,0,0,0,0,0,0,0
1,-756268.435,2296496.386,0,initial1335,0,0,0,0,0,0,0,0,0,0,0,0,0
1,-704840.9617,2375589.043,0,initial1336,1,0,0,0,0,0,0,0,0,0,0,0,0
1,-1024078.565,2283866.207,0,initial1337,0,0,0,0,0,0,0,0,0,0,0,0,0
1,-734262.9828,2366896.918,0,initial1338,1,0,0,0,0,0,0,0,0,0,0,0,0
1,-697295.0332,2318884.165,0,initial1339,0,0,0,0,0,0,0,0,0,0,0,0,0
1,-849786.4072,2228859.506,0,initial1340,1,0,0,0,0,0,0,0,0,0,0,0,0
1,-790442.5087,2280988.469,0,initial1341,0,0,0,0,0,0,0,0,0,0,0,0,0
1,-833585.659,2354274.1,0,initial1342,1,0,0,0,0,0,0,0,0,0,0,0,0
1,-997021.2837,2299397.843,0,initial1343,0,0,0,0,0,0,0,0,0,0,0,0,0
1,-900640.7521,2395908.661,0,initial1344,1,0,0,0,0,0,0,0,0,0,0,0,0
1,-922532.8443,2449709.927,0,initial1345,0,0,0,0,0,0,0,0,0,0,0,0,0
1,-745960.4232,2223674.044,0,initial1346,1,0,0,0,0,0,0,0,0,0,0,0,0
1,-971312.942,2422647.238,0,initial1347,0,0,0,0,0,0,0,0,0,0,0,0,0
1,-911270.1918,2332896.265,0,initial1348,1,0,0,0,0,0,0,0,0,0,0,0,0
1,-931047.5331,2391667.436,0,initial1349,0,0,0,0,0,0,0,0,0,0,0,0,0
1,-954922.2274,2368038.972,0,initial1350,1,0,0,0,0,0,0,0,0,0,0,0,0
1,-953264.1812,2425603.059,0,initial1351,0,0,0,0,0,0,0,0,0,0,0,0,0
1,-880638.1658,2422100.919,0,initial1352,1,0,0,0,0,0,0,0,0,0,0,0,0
1,-922171.7673,2320186.234,0,initial1353,0,0,0,0,0,0,0,0,0,0,0,0,0
1,-948647.7153,2411763.413,0,initial1354,1,0,0,0,0,0,0,0,0,0,0,0,0
1,-794106.0399,2390204.497,0,initial1355,0,0,0,0,0,0,0,0,0,0,0,0,0
1,-771478.4797,2417531.573,0,initial1356,1,0,0,0,0,0,0,0,0,0,0,0,0
1,-1056153.963,2338664.263,0,initial1357,0,0,0,0,0,0,0,0,0,0,0,0,0
1,-1006075.44,2356707.485,0,initial1358,1,0,0,0,0,0,0,0,0,0,0,0,0
1,-790309.6943,2297735.749,0,initial1359,0,0,0,0,0,0,0,0,0,0,0,0,0
1,-821399.2955,2451340.081,0,initial1360,1,0,0,0,0,0,0,0,0,0,0,0,0
1,-895640.8789,2410639.803,0,initial1361,0,0,0,0,0,0,0,0,0,0,0,0,0
1,-921359.3867,2246507.013,0,initial1362,1,0,0,0,0,0,0,0,0,0,0,0,0
1,-868015.2105,2420908.382,0,initial1363,0,0,0,0,0,0,0,0,0,0,0,0,0
1,-809356.7986,2394274.163,0,initial1364,1,0,0,0,0,0,0,0,0,0,0,0,0
1,-726405.0985,2309818.347,0,initial1365,0,0,0,0,0,0,0,0,0,0,0,0,0
1,-936733.2818,2318172.247,0,initial1366,1,0,0,0,0,0,0,0,0,0,0,0,0
1,-964155.5033,2320317.349,0,initial1367,0,0,0,0,0,0,0,0,0,0,0,0,0
1,-861612.3387,2409962.123,0,initial1368,1,0,0,0,0,0,0,0,0,0,0,0,0
1,-811881.107,2466066.362,0,initial1369,0,0,0,0,0,0,0,0,0,0,0,0,0
1,-898172.324,2472903.848,0,initial1370,1,0,0,0,0,0,0,0,0,0,0,0,0
1,-841926.7099,2223471.91,0,initial1371,0,0,0,0,0,0,0,0,0,0,0,0,0
1,-871606.1505,2242646.021,0,initial1372,1,0,0,0,0,0,0,0,0,0,0,0,0
1,-984684.6037,2238354.751,0,initial1373,0,0,0,0,0,0,0,0,0,0,0,0,0
1,-1033270.211,2249246.661,0,initial1374,1,0,0,0,0,0,0,0,0,0,0,0,0
1,-769185.0856,2316664.012,0,initial1375,0,0,0,0,0,0,0,0,0,0,0,0,0
1,-717566.8241,2334445.295,0,initial1376,1,0,0,0,0,0,0,0,0,0,0,0,0
1,-1058372.291,2326428.312,0,initial1377,0,0,0,0,0,0,0,0,0,0,0,0,0
1,-839611.4416,2345148.332,0,initial1378,1,0,0,0,0,0,0,0,0,0,0,0,0
